study,variant,seed,benchmark,setting,metric,value,source
inference,a025_c1,42,ReactZyme,reaction_smi,enzyme_to_reaction,0.5238035917282104,/datastor2/deep-proteins/EnzymeDiscovery/horizyn/runs/generalization_20260919_2251/cross_paper_retraining/reactzyme_multiview_fusion_calibration_v1/beta5_epoch10/selected_test_summary.json
inference,a025_c1,42,ReactZyme,reaction_smi,reaction_to_enzyme,0.3999953269958496,/datastor2/deep-proteins/EnzymeDiscovery/horizyn/runs/generalization_20260919_2251/cross_paper_retraining/reactzyme_multiview_fusion_calibration_v1/beta5_epoch10/selected_test_summary.json
inference,a025_c1,42,ReactZyme,enzyme_smi,enzyme_to_reaction,0.9624934792518616,/datastor2/deep-proteins/EnzymeDiscovery/horizyn/runs/generalization_20260919_2251/cross_paper_retraining/reactzyme_multiview_fusion_remaining_v1/enzyme_smi_beta5_epoch10/selected_test_summary.json
inference,a025_c1,42,ReactZyme,enzyme_smi,reaction_to_enzyme,0.6676765084266663,/datastor2/deep-proteins/EnzymeDiscovery/horizyn/runs/generalization_20260919_2251/cross_paper_retraining/reactzyme_multiview_fusion_remaining_v1/enzyme_smi_beta5_epoch10/selected_test_summary.json
inference,a025_c1,42,ReactZyme,time,enzyme_to_reaction,0.781538188457489,/datastor2/deep-proteins/EnzymeDiscovery/horizyn/runs/generalization_20260919_2251/cross_paper_retraining/reactzyme_multiview_fusion_remaining_v1/time_beta5_epoch10/selected_test_summary.json
inference,a025_c1,42,ReactZyme,time,reaction_to_enzyme,0.5408843755722046,/datastor2/deep-proteins/EnzymeDiscovery/horizyn/runs/generalization_20260919_2251/cross_paper_retraining/reactzyme_multiview_fusion_remaining_v1/time_beta5_epoch10/selected_test_summary.json
inference,a025_c1,42,EnzymeMap,table1,bedroc85,0.5778174387658916,/datastor2/deep-proteins/EnzymeDiscovery/horizyn/runs/generalization_20260919_2251/cross_paper_retraining/shared_recipe_beta5_b512_e10_fusion3_v2/enzymemap_seed42/phase2/composition_v1/test_evaluation/summary.json
inference,a025_c1,42,EnzymeMap,table1,bedroc20,0.7555716945689218,/datastor2/deep-proteins/EnzymeDiscovery/horizyn/runs/generalization_20260919_2251/cross_paper_retraining/shared_recipe_beta5_b512_e10_fusion3_v2/enzymemap_seed42/phase2/composition_v1/test_evaluation/summary.json
inference,a025_c1,42,EnzymeMap,table1,ef0.05,16.81199067965648,/datastor2/deep-proteins/EnzymeDiscovery/horizyn/runs/generalization_20260919_2251/cross_paper_retraining/shared_recipe_beta5_b512_e10_fusion3_v2/enzymemap_seed42/phase2/composition_v1/test_evaluation/summary.json
inference,a025_c1,42,EnzymeMap,table1,ef0.1,8.909143681719721,/datastor2/deep-proteins/EnzymeDiscovery/horizyn/runs/generalization_20260919_2251/cross_paper_retraining/shared_recipe_beta5_b512_e10_fusion3_v2/enzymemap_seed42/phase2/composition_v1/test_evaluation/summary.json
inference,a025_c1,42,EnzymeMap,table2,bedroc85,0.5368193119267258,/datastor2/deep-proteins/EnzymeDiscovery/horizyn/runs/generalization_20260919_2251/cross_paper_retraining/shared_recipe_beta5_b512_e10_fusion3_v2/enzymemap_seed42/phase2/composition_v1/test_evaluation/summary.json
inference,a025_c1,42,EnzymeMap,table2,bedroc20,0.7271651080106076,/datastor2/deep-proteins/EnzymeDiscovery/horizyn/runs/generalization_20260919_2251/cross_paper_retraining/shared_recipe_beta5_b512_e10_fusion3_v2/enzymemap_seed42/phase2/composition_v1/test_evaluation/summary.json
inference,a025_c1,42,EnzymeMap,table2,ef0.05,16.355816257461054,/datastor2/deep-proteins/EnzymeDiscovery/horizyn/runs/generalization_20260919_2251/cross_paper_retraining/shared_recipe_beta5_b512_e10_fusion3_v2/enzymemap_seed42/phase2/composition_v1/test_evaluation/summary.json
inference,a025_c1,42,EnzymeMap,table2,ef0.1,8.73679092834681,/datastor2/deep-proteins/EnzymeDiscovery/horizyn/runs/generalization_20260919_2251/cross_paper_retraining/shared_recipe_beta5_b512_e10_fusion3_v2/enzymemap_seed42/phase2/composition_v1/test_evaluation/summary.json
inference,a040_c1,42,ReactZyme,reaction_smi,enzyme_to_reaction,0.5377489924430847,/datastor2/deep-proteins/EnzymeDiscovery/horizyn/runs/generalization_20260919_2251/cross_paper_retraining/shared_semantic_strength_variants_v1/reaction_smi/alpha04_cap1/test_summary.json
inference,a040_c1,42,ReactZyme,reaction_smi,reaction_to_enzyme,0.40145042538642883,/datastor2/deep-proteins/EnzymeDiscovery/horizyn/runs/generalization_20260919_2251/cross_paper_retraining/shared_semantic_strength_variants_v1/reaction_smi/alpha04_cap1/test_summary.json
inference,a040_c1,42,ReactZyme,enzyme_smi,enzyme_to_reaction,0.9634823203086853,/datastor2/deep-proteins/EnzymeDiscovery/horizyn/runs/generalization_20260919_2251/cross_paper_retraining/shared_semantic_strength_variants_v1/enzyme_smi/alpha04_cap1/test_summary.json
inference,a040_c1,42,ReactZyme,enzyme_smi,reaction_to_enzyme,0.6666556000709534,/datastor2/deep-proteins/EnzymeDiscovery/horizyn/runs/generalization_20260919_2251/cross_paper_retraining/shared_semantic_strength_variants_v1/enzyme_smi/alpha04_cap1/test_summary.json
inference,a040_c1,42,ReactZyme,time,enzyme_to_reaction,0.7827698588371277,/datastor2/deep-proteins/EnzymeDiscovery/horizyn/runs/generalization_20260919_2251/cross_paper_retraining/shared_semantic_strength_variants_v1/time/alpha04_cap1/test_summary.json
inference,a040_c1,42,ReactZyme,time,reaction_to_enzyme,0.5383387207984924,/datastor2/deep-proteins/EnzymeDiscovery/horizyn/runs/generalization_20260919_2251/cross_paper_retraining/shared_semantic_strength_variants_v1/time/alpha04_cap1/test_summary.json
inference,a040_c1,42,EnzymeMap,table1,bedroc85,0.5779451488153472,/datastor2/deep-proteins/EnzymeDiscovery/horizyn/runs/generalization_20260919_2251/cross_paper_retraining/shared_recipe_beta5_b512_e10_fusion3_v2/enzymemap_seed42/phase2/shared_variant_alpha04_cap1/test_evaluation/summary.json
inference,a040_c1,42,EnzymeMap,table1,bedroc20,0.7571110046045342,/datastor2/deep-proteins/EnzymeDiscovery/horizyn/runs/generalization_20260919_2251/cross_paper_retraining/shared_recipe_beta5_b512_e10_fusion3_v2/enzymemap_seed42/phase2/shared_variant_alpha04_cap1/test_evaluation/summary.json
inference,a040_c1,42,EnzymeMap,table1,ef0.05,16.864295449909967,/datastor2/deep-proteins/EnzymeDiscovery/horizyn/runs/generalization_20260919_2251/cross_paper_retraining/shared_recipe_beta5_b512_e10_fusion3_v2/enzymemap_seed42/phase2/shared_variant_alpha04_cap1/test_evaluation/summary.json
inference,a040_c1,42,EnzymeMap,table1,ef0.1,8.953017466166658,/datastor2/deep-proteins/EnzymeDiscovery/horizyn/runs/generalization_20260919_2251/cross_paper_retraining/shared_recipe_beta5_b512_e10_fusion3_v2/enzymemap_seed42/phase2/shared_variant_alpha04_cap1/test_evaluation/summary.json
inference,a040_c1,42,EnzymeMap,table2,bedroc85,0.5341292219768169,/datastor2/deep-proteins/EnzymeDiscovery/horizyn/runs/generalization_20260919_2251/cross_paper_retraining/shared_recipe_beta5_b512_e10_fusion3_v2/enzymemap_seed42/phase2/shared_variant_alpha04_cap1/test_evaluation/summary.json
inference,a040_c1,42,EnzymeMap,table2,bedroc20,0.7278331300375593,/datastor2/deep-proteins/EnzymeDiscovery/horizyn/runs/generalization_20260919_2251/cross_paper_retraining/shared_recipe_beta5_b512_e10_fusion3_v2/enzymemap_seed42/phase2/shared_variant_alpha04_cap1/test_evaluation/summary.json
inference,a040_c1,42,EnzymeMap,table2,ef0.05,16.40853765293385,/datastor2/deep-proteins/EnzymeDiscovery/horizyn/runs/generalization_20260919_2251/cross_paper_retraining/shared_recipe_beta5_b512_e10_fusion3_v2/enzymemap_seed42/phase2/shared_variant_alpha04_cap1/test_evaluation/summary.json
inference,a040_c1,42,EnzymeMap,table2,ef0.1,8.779121801238784,/datastor2/deep-proteins/EnzymeDiscovery/horizyn/runs/generalization_20260919_2251/cross_paper_retraining/shared_recipe_beta5_b512_e10_fusion3_v2/enzymemap_seed42/phase2/shared_variant_alpha04_cap1/test_evaluation/summary.json
inference,a050_c1,42,ReactZyme,reaction_smi,enzyme_to_reaction,0.5375499725341797,/datastor2/deep-proteins/EnzymeDiscovery/horizyn/runs/generalization_20260919_2251/cross_paper_retraining/shared_semantic_strength_variants_v1/reaction_smi/alpha05_cap1/test_summary.json
inference,a050_c1,42,ReactZyme,reaction_smi,reaction_to_enzyme,0.39465272426605225,/datastor2/deep-proteins/EnzymeDiscovery/horizyn/runs/generalization_20260919_2251/cross_paper_retraining/shared_semantic_strength_variants_v1/reaction_smi/alpha05_cap1/test_summary.json
inference,a050_c1,42,ReactZyme,enzyme_smi,enzyme_to_reaction,0.9611777663230896,/datastor2/deep-proteins/EnzymeDiscovery/horizyn/runs/generalization_20260919_2251/cross_paper_retraining/shared_semantic_strength_variants_v1/enzyme_smi/alpha05_cap1/test_summary.json
inference,a050_c1,42,ReactZyme,enzyme_smi,reaction_to_enzyme,0.6627935171127319,/datastor2/deep-proteins/EnzymeDiscovery/horizyn/runs/generalization_20260919_2251/cross_paper_retraining/shared_semantic_strength_variants_v1/enzyme_smi/alpha05_cap1/test_summary.json
inference,a050_c1,42,ReactZyme,time,enzyme_to_reaction,0.7747127413749695,/datastor2/deep-proteins/EnzymeDiscovery/horizyn/runs/generalization_20260919_2251/cross_paper_retraining/shared_semantic_strength_variants_v1/time/alpha05_cap1/test_summary.json
inference,a050_c1,42,ReactZyme,time,reaction_to_enzyme,0.5313671827316284,/datastor2/deep-proteins/EnzymeDiscovery/horizyn/runs/generalization_20260919_2251/cross_paper_retraining/shared_semantic_strength_variants_v1/time/alpha05_cap1/test_summary.json
inference,a050_c1,42,EnzymeMap,table1,bedroc85,0.5745702465915284,/datastor2/deep-proteins/EnzymeDiscovery/horizyn/runs/generalization_20260919_2251/cross_paper_retraining/shared_recipe_beta5_b512_e10_fusion3_v2/enzymemap_seed42/phase2/shared_variant_alpha05_cap1/test_evaluation/summary.json
inference,a050_c1,42,EnzymeMap,table1,bedroc20,0.757459953009938,/datastor2/deep-proteins/EnzymeDiscovery/horizyn/runs/generalization_20260919_2251/cross_paper_retraining/shared_recipe_beta5_b512_e10_fusion3_v2/enzymemap_seed42/phase2/shared_variant_alpha05_cap1/test_evaluation/summary.json
inference,a050_c1,42,EnzymeMap,table1,ef0.05,16.93519823574488,/datastor2/deep-proteins/EnzymeDiscovery/horizyn/runs/generalization_20260919_2251/cross_paper_retraining/shared_recipe_beta5_b512_e10_fusion3_v2/enzymemap_seed42/phase2/shared_variant_alpha05_cap1/test_evaluation/summary.json
inference,a050_c1,42,EnzymeMap,table1,ef0.1,9.00107482191632,/datastor2/deep-proteins/EnzymeDiscovery/horizyn/runs/generalization_20260919_2251/cross_paper_retraining/shared_recipe_beta5_b512_e10_fusion3_v2/enzymemap_seed42/phase2/shared_variant_alpha05_cap1/test_evaluation/summary.json
inference,a050_c1,42,EnzymeMap,table2,bedroc85,0.5293264592495946,/datastor2/deep-proteins/EnzymeDiscovery/horizyn/runs/generalization_20260919_2251/cross_paper_retraining/shared_recipe_beta5_b512_e10_fusion3_v2/enzymemap_seed42/phase2/shared_variant_alpha05_cap1/test_evaluation/summary.json
inference,a050_c1,42,EnzymeMap,table2,bedroc20,0.7278850327685972,/datastor2/deep-proteins/EnzymeDiscovery/horizyn/runs/generalization_20260919_2251/cross_paper_retraining/shared_recipe_beta5_b512_e10_fusion3_v2/enzymemap_seed42/phase2/shared_variant_alpha05_cap1/test_evaluation/summary.json
inference,a050_c1,42,EnzymeMap,table2,ef0.05,16.488138603261625,/datastor2/deep-proteins/EnzymeDiscovery/horizyn/runs/generalization_20260919_2251/cross_paper_retraining/shared_recipe_beta5_b512_e10_fusion3_v2/enzymemap_seed42/phase2/shared_variant_alpha05_cap1/test_evaluation/summary.json
inference,a050_c1,42,EnzymeMap,table2,ef0.1,8.826313452768506,/datastor2/deep-proteins/EnzymeDiscovery/horizyn/runs/generalization_20260919_2251/cross_paper_retraining/shared_recipe_beta5_b512_e10_fusion3_v2/enzymemap_seed42/phase2/shared_variant_alpha05_cap1/test_evaluation/summary.json
inference,a040_c05,42,ReactZyme,reaction_smi,enzyme_to_reaction,0.5343656539916992,/datastor2/deep-proteins/EnzymeDiscovery/horizyn/runs/generalization_20260919_2251/cross_paper_retraining/shared_semantic_strength_variants_v1/reaction_smi/alpha04_cap05/test_summary.json
inference,a040_c05,42,ReactZyme,reaction_smi,reaction_to_enzyme,0.40038102865219116,/datastor2/deep-proteins/EnzymeDiscovery/horizyn/runs/generalization_20260919_2251/cross_paper_retraining/shared_semantic_strength_variants_v1/reaction_smi/alpha04_cap05/test_summary.json
inference,a040_c05,42,ReactZyme,enzyme_smi,enzyme_to_reaction,0.9713554382324219,/datastor2/deep-proteins/EnzymeDiscovery/horizyn/runs/generalization_20260919_2251/cross_paper_retraining/shared_semantic_strength_variants_v1/enzyme_smi/alpha04_cap05/test_summary.json
inference,a040_c05,42,ReactZyme,enzyme_smi,reaction_to_enzyme,0.6662486791610718,/datastor2/deep-proteins/EnzymeDiscovery/horizyn/runs/generalization_20260919_2251/cross_paper_retraining/shared_semantic_strength_variants_v1/enzyme_smi/alpha04_cap05/test_summary.json
inference,a040_c05,42,ReactZyme,time,enzyme_to_reaction,0.7806691527366638,/datastor2/deep-proteins/EnzymeDiscovery/horizyn/runs/generalization_20260919_2251/cross_paper_retraining/shared_semantic_strength_variants_v1/time/alpha04_cap05/test_summary.json
inference,a040_c05,42,ReactZyme,time,reaction_to_enzyme,0.5382847785949707,/datastor2/deep-proteins/EnzymeDiscovery/horizyn/runs/generalization_20260919_2251/cross_paper_retraining/shared_semantic_strength_variants_v1/time/alpha04_cap05/test_summary.json
inference,a040_c05,42,EnzymeMap,table1,bedroc85,0.5723365103066209,/datastor2/deep-proteins/EnzymeDiscovery/horizyn/runs/generalization_20260919_2251/cross_paper_retraining/shared_recipe_beta5_b512_e10_fusion3_v2/enzymemap_seed42/phase2/shared_variant_alpha04_cap05/test_evaluation/summary.json
inference,a040_c05,42,EnzymeMap,table1,bedroc20,0.7554333716338482,/datastor2/deep-proteins/EnzymeDiscovery/horizyn/runs/generalization_20260919_2251/cross_paper_retraining/shared_recipe_beta5_b512_e10_fusion3_v2/enzymemap_seed42/phase2/shared_variant_alpha04_cap05/test_evaluation/summary.json
inference,a040_c05,42,EnzymeMap,table1,ef0.05,16.859042255655567,/datastor2/deep-proteins/EnzymeDiscovery/horizyn/runs/generalization_20260919_2251/cross_paper_retraining/shared_recipe_beta5_b512_e10_fusion3_v2/enzymemap_seed42/phase2/shared_variant_alpha04_cap05/test_evaluation/summary.json
inference,a040_c05,42,EnzymeMap,table1,ef0.1,8.958692356222887,/datastor2/deep-proteins/EnzymeDiscovery/horizyn/runs/generalization_20260919_2251/cross_paper_retraining/shared_recipe_beta5_b512_e10_fusion3_v2/enzymemap_seed42/phase2/shared_variant_alpha04_cap05/test_evaluation/summary.json
inference,a040_c05,42,EnzymeMap,table2,bedroc85,0.5287342957098796,/datastor2/deep-proteins/EnzymeDiscovery/horizyn/runs/generalization_20260919_2251/cross_paper_retraining/shared_recipe_beta5_b512_e10_fusion3_v2/enzymemap_seed42/phase2/shared_variant_alpha04_cap05/test_evaluation/summary.json
inference,a040_c05,42,EnzymeMap,table2,bedroc20,0.726403267784587,/datastor2/deep-proteins/EnzymeDiscovery/horizyn/runs/generalization_20260919_2251/cross_paper_retraining/shared_recipe_beta5_b512_e10_fusion3_v2/enzymemap_seed42/phase2/shared_variant_alpha04_cap05/test_evaluation/summary.json
inference,a040_c05,42,EnzymeMap,table2,ef0.05,16.4186330727305,/datastor2/deep-proteins/EnzymeDiscovery/horizyn/runs/generalization_20260919_2251/cross_paper_retraining/shared_recipe_beta5_b512_e10_fusion3_v2/enzymemap_seed42/phase2/shared_variant_alpha04_cap05/test_evaluation/summary.json
inference,a040_c05,42,EnzymeMap,table2,ef0.1,8.793102960892874,/datastor2/deep-proteins/EnzymeDiscovery/horizyn/runs/generalization_20260919_2251/cross_paper_retraining/shared_recipe_beta5_b512_e10_fusion3_v2/enzymemap_seed42/phase2/shared_variant_alpha04_cap05/test_evaluation/summary.json
phase2_biology,control,42,ReactZyme,reaction_smi,enzyme_to_reaction,0.5343656539916992,/datastor2/deep-proteins/EnzymeDiscovery/horizyn/runs/generalization_20260919_2251/cross_paper_retraining/v4_relative_biology_phase2_weight1_controls_20260921_v1/reaction_smi/control/test_summary.json
phase2_biology,control,42,ReactZyme,reaction_smi,reaction_to_enzyme,0.40038102865219116,/datastor2/deep-proteins/EnzymeDiscovery/horizyn/runs/generalization_20260919_2251/cross_paper_retraining/v4_relative_biology_phase2_weight1_controls_20260921_v1/reaction_smi/control/test_summary.json
phase2_biology,control,42,ReactZyme,enzyme_smi,enzyme_to_reaction,0.9713554382324219,/datastor2/deep-proteins/EnzymeDiscovery/horizyn/runs/generalization_20260919_2251/cross_paper_retraining/v4_relative_biology_phase2_weight1_controls_20260921_v1/enzyme_smi/control/test_summary.json
phase2_biology,control,42,ReactZyme,enzyme_smi,reaction_to_enzyme,0.6662486791610718,/datastor2/deep-proteins/EnzymeDiscovery/horizyn/runs/generalization_20260919_2251/cross_paper_retraining/v4_relative_biology_phase2_weight1_controls_20260921_v1/enzyme_smi/control/test_summary.json
phase2_biology,control,42,ReactZyme,time,enzyme_to_reaction,0.7806691527366638,/datastor2/deep-proteins/EnzymeDiscovery/horizyn/runs/generalization_20260919_2251/cross_paper_retraining/v4_relative_biology_phase2_weight1_controls_20260921_v1/time/control/test_summary.json
phase2_biology,control,42,ReactZyme,time,reaction_to_enzyme,0.5382847785949707,/datastor2/deep-proteins/EnzymeDiscovery/horizyn/runs/generalization_20260919_2251/cross_paper_retraining/v4_relative_biology_phase2_weight1_controls_20260921_v1/time/control/test_summary.json
phase2_biology,control,42,EnzymeMap,table1,bedroc85,0.5723365103066209,/datastor2/deep-proteins/EnzymeDiscovery/horizyn/runs/generalization_20260919_2251/cross_paper_retraining/v4_relative_biology_phase2_weight1_controls_20260921_v1/enzymemap/control/test_summary.json
phase2_biology,control,42,EnzymeMap,table1,bedroc20,0.7554333716338482,/datastor2/deep-proteins/EnzymeDiscovery/horizyn/runs/generalization_20260919_2251/cross_paper_retraining/v4_relative_biology_phase2_weight1_controls_20260921_v1/enzymemap/control/test_summary.json
phase2_biology,control,42,EnzymeMap,table1,ef0.05,16.859042255655567,/datastor2/deep-proteins/EnzymeDiscovery/horizyn/runs/generalization_20260919_2251/cross_paper_retraining/v4_relative_biology_phase2_weight1_controls_20260921_v1/enzymemap/control/test_summary.json
phase2_biology,control,42,EnzymeMap,table1,ef0.1,8.958692356222887,/datastor2/deep-proteins/EnzymeDiscovery/horizyn/runs/generalization_20260919_2251/cross_paper_retraining/v4_relative_biology_phase2_weight1_controls_20260921_v1/enzymemap/control/test_summary.json
phase2_biology,control,42,EnzymeMap,table2,bedroc85,0.5287342957098796,/datastor2/deep-proteins/EnzymeDiscovery/horizyn/runs/generalization_20260919_2251/cross_paper_retraining/v4_relative_biology_phase2_weight1_controls_20260921_v1/enzymemap/control/test_summary.json
phase2_biology,control,42,EnzymeMap,table2,bedroc20,0.726403267784587,/datastor2/deep-proteins/EnzymeDiscovery/horizyn/runs/generalization_20260919_2251/cross_paper_retraining/v4_relative_biology_phase2_weight1_controls_20260921_v1/enzymemap/control/test_summary.json
phase2_biology,control,42,EnzymeMap,table2,ef0.05,16.4186330727305,/datastor2/deep-proteins/EnzymeDiscovery/horizyn/runs/generalization_20260919_2251/cross_paper_retraining/v4_relative_biology_phase2_weight1_controls_20260921_v1/enzymemap/control/test_summary.json
phase2_biology,control,42,EnzymeMap,table2,ef0.1,8.793102960892874,/datastor2/deep-proteins/EnzymeDiscovery/horizyn/runs/generalization_20260919_2251/cross_paper_retraining/v4_relative_biology_phase2_weight1_controls_20260921_v1/enzymemap/control/test_summary.json
phase2_biology,all_1,42,ReactZyme,reaction_smi,enzyme_to_reaction,0.5347773432731628,/datastor2/deep-proteins/EnzymeDiscovery/horizyn/runs/generalization_20260919_2251/cross_paper_retraining/v4_relative_biology_phase2_weight1_controls_20260921_v1/reaction_smi/all_1/test_summary.json
phase2_biology,all_1,42,ReactZyme,reaction_smi,reaction_to_enzyme,0.40041205286979675,/datastor2/deep-proteins/EnzymeDiscovery/horizyn/runs/generalization_20260919_2251/cross_paper_retraining/v4_relative_biology_phase2_weight1_controls_20260921_v1/reaction_smi/all_1/test_summary.json
phase2_biology,all_1,42,ReactZyme,enzyme_smi,enzyme_to_reaction,0.9673728346824646,/datastor2/deep-proteins/EnzymeDiscovery/horizyn/runs/generalization_20260919_2251/cross_paper_retraining/v4_relative_biology_phase2_weight1_controls_20260921_v1/enzyme_smi/all_1/test_summary.json
phase2_biology,all_1,42,ReactZyme,enzyme_smi,reaction_to_enzyme,0.6662338376045227,/datastor2/deep-proteins/EnzymeDiscovery/horizyn/runs/generalization_20260919_2251/cross_paper_retraining/v4_relative_biology_phase2_weight1_controls_20260921_v1/enzyme_smi/all_1/test_summary.json
phase2_biology,all_1,42,ReactZyme,time,enzyme_to_reaction,0.8006143569946289,/datastor2/deep-proteins/EnzymeDiscovery/horizyn/runs/generalization_20260919_2251/cross_paper_retraining/v4_relative_biology_phase2_weight1_controls_20260921_v1/time/all_1/test_summary.json
phase2_biology,all_1,42,ReactZyme,time,reaction_to_enzyme,0.5383167862892151,/datastor2/deep-proteins/EnzymeDiscovery/horizyn/runs/generalization_20260919_2251/cross_paper_retraining/v4_relative_biology_phase2_weight1_controls_20260921_v1/time/all_1/test_summary.json
phase2_biology,all_1,42,EnzymeMap,table1,bedroc85,0.5720960816975147,/datastor2/deep-proteins/EnzymeDiscovery/horizyn/runs/generalization_20260919_2251/cross_paper_retraining/v4_relative_biology_phase2_weight1_controls_20260921_v1/enzymemap/all_1/test_summary.json
phase2_biology,all_1,42,EnzymeMap,table1,bedroc20,0.7553216671014586,/datastor2/deep-proteins/EnzymeDiscovery/horizyn/runs/generalization_20260919_2251/cross_paper_retraining/v4_relative_biology_phase2_weight1_controls_20260921_v1/enzymemap/all_1/test_summary.json
phase2_biology,all_1,42,EnzymeMap,table1,ef0.05,16.860920719072492,/datastor2/deep-proteins/EnzymeDiscovery/horizyn/runs/generalization_20260919_2251/cross_paper_retraining/v4_relative_biology_phase2_weight1_controls_20260921_v1/enzymemap/all_1/test_summary.json
phase2_biology,all_1,42,EnzymeMap,table1,ef0.1,8.956500815569807,/datastor2/deep-proteins/EnzymeDiscovery/horizyn/runs/generalization_20260919_2251/cross_paper_retraining/v4_relative_biology_phase2_weight1_controls_20260921_v1/enzymemap/all_1/test_summary.json
phase2_biology,all_1,42,EnzymeMap,table2,bedroc85,0.5284639837162569,/datastor2/deep-proteins/EnzymeDiscovery/horizyn/runs/generalization_20260919_2251/cross_paper_retraining/v4_relative_biology_phase2_weight1_controls_20260921_v1/enzymemap/all_1/test_summary.json
phase2_biology,all_1,42,EnzymeMap,table2,bedroc20,0.7262746277268696,/datastor2/deep-proteins/EnzymeDiscovery/horizyn/runs/generalization_20260919_2251/cross_paper_retraining/v4_relative_biology_phase2_weight1_controls_20260921_v1/enzymemap/all_1/test_summary.json
phase2_biology,all_1,42,EnzymeMap,table2,ef0.05,16.435718440909184,/datastor2/deep-proteins/EnzymeDiscovery/horizyn/runs/generalization_20260919_2251/cross_paper_retraining/v4_relative_biology_phase2_weight1_controls_20260921_v1/enzymemap/all_1/test_summary.json
phase2_biology,all_1,42,EnzymeMap,table2,ef0.1,8.803075536310475,/datastor2/deep-proteins/EnzymeDiscovery/horizyn/runs/generalization_20260919_2251/cross_paper_retraining/v4_relative_biology_phase2_weight1_controls_20260921_v1/enzymemap/all_1/test_summary.json
phase2_biology,without_ec,42,ReactZyme,reaction_smi,enzyme_to_reaction,0.5350755453109741,/datastor2/deep-proteins/EnzymeDiscovery/horizyn/runs/generalization_20260919_2251/cross_paper_retraining/v4_relative_biology_phase2_weight1_controls_20260921_v1/reaction_smi/without_ec/test_summary.json
phase2_biology,without_ec,42,ReactZyme,reaction_smi,reaction_to_enzyme,0.3991265892982483,/datastor2/deep-proteins/EnzymeDiscovery/horizyn/runs/generalization_20260919_2251/cross_paper_retraining/v4_relative_biology_phase2_weight1_controls_20260921_v1/reaction_smi/without_ec/test_summary.json
phase2_biology,without_ec,42,ReactZyme,enzyme_smi,enzyme_to_reaction,0.9698058366775513,/datastor2/deep-proteins/EnzymeDiscovery/horizyn/runs/generalization_20260919_2251/cross_paper_retraining/v4_relative_biology_phase2_weight1_controls_20260921_v1/enzyme_smi/without_ec/test_summary.json
phase2_biology,without_ec,42,ReactZyme,enzyme_smi,reaction_to_enzyme,0.6662402749061584,/datastor2/deep-proteins/EnzymeDiscovery/horizyn/runs/generalization_20260919_2251/cross_paper_retraining/v4_relative_biology_phase2_weight1_controls_20260921_v1/enzyme_smi/without_ec/test_summary.json
phase2_biology,without_ec,42,ReactZyme,time,enzyme_to_reaction,0.7897936701774597,/datastor2/deep-proteins/EnzymeDiscovery/horizyn/runs/generalization_20260919_2251/cross_paper_retraining/v4_relative_biology_phase2_weight1_controls_20260921_v1/time/without_ec/test_summary.json
phase2_biology,without_ec,42,ReactZyme,time,reaction_to_enzyme,0.5383241772651672,/datastor2/deep-proteins/EnzymeDiscovery/horizyn/runs/generalization_20260919_2251/cross_paper_retraining/v4_relative_biology_phase2_weight1_controls_20260921_v1/time/without_ec/test_summary.json
phase2_biology,without_ec,42,EnzymeMap,table1,bedroc85,0.5721235596961283,/datastor2/deep-proteins/EnzymeDiscovery/horizyn/runs/generalization_20260919_2251/cross_paper_retraining/v4_relative_biology_phase2_weight1_controls_20260921_v1/enzymemap/without_ec/test_summary.json
phase2_biology,without_ec,42,EnzymeMap,table1,bedroc20,0.7553508321831331,/datastor2/deep-proteins/EnzymeDiscovery/horizyn/runs/generalization_20260919_2251/cross_paper_retraining/v4_relative_biology_phase2_weight1_controls_20260921_v1/enzymemap/without_ec/test_summary.json
phase2_biology,without_ec,42,EnzymeMap,table1,ef0.05,16.860920719072492,/datastor2/deep-proteins/EnzymeDiscovery/horizyn/runs/generalization_20260919_2251/cross_paper_retraining/v4_relative_biology_phase2_weight1_controls_20260921_v1/enzymemap/without_ec/test_summary.json
phase2_biology,without_ec,42,EnzymeMap,table1,ef0.1,8.956500815569807,/datastor2/deep-proteins/EnzymeDiscovery/horizyn/runs/generalization_20260919_2251/cross_paper_retraining/v4_relative_biology_phase2_weight1_controls_20260921_v1/enzymemap/without_ec/test_summary.json
phase2_biology,without_ec,42,EnzymeMap,table2,bedroc85,0.5284956214223381,/datastor2/deep-proteins/EnzymeDiscovery/horizyn/runs/generalization_20260919_2251/cross_paper_retraining/v4_relative_biology_phase2_weight1_controls_20260921_v1/enzymemap/without_ec/test_summary.json
phase2_biology,without_ec,42,EnzymeMap,table2,bedroc20,0.7263084630254184,/datastor2/deep-proteins/EnzymeDiscovery/horizyn/runs/generalization_20260919_2251/cross_paper_retraining/v4_relative_biology_phase2_weight1_controls_20260921_v1/enzymemap/without_ec/test_summary.json
phase2_biology,without_ec,42,EnzymeMap,table2,ef0.05,16.420759577782782,/datastor2/deep-proteins/EnzymeDiscovery/horizyn/runs/generalization_20260919_2251/cross_paper_retraining/v4_relative_biology_phase2_weight1_controls_20260921_v1/enzymemap/without_ec/test_summary.json
phase2_biology,without_ec,42,EnzymeMap,table2,ef0.1,8.795596104747274,/datastor2/deep-proteins/EnzymeDiscovery/horizyn/runs/generalization_20260919_2251/cross_paper_retraining/v4_relative_biology_phase2_weight1_controls_20260921_v1/enzymemap/without_ec/test_summary.json
phase2_biology,without_cofactor,42,ReactZyme,reaction_smi,enzyme_to_reaction,0.5347698926925659,/datastor2/deep-proteins/EnzymeDiscovery/horizyn/runs/generalization_20260919_2251/cross_paper_retraining/v4_relative_biology_phase2_weight1_controls_20260921_v1/reaction_smi/without_cofactor/test_summary.json
phase2_biology,without_cofactor,42,ReactZyme,reaction_smi,reaction_to_enzyme,0.40041109919548035,/datastor2/deep-proteins/EnzymeDiscovery/horizyn/runs/generalization_20260919_2251/cross_paper_retraining/v4_relative_biology_phase2_weight1_controls_20260921_v1/reaction_smi/without_cofactor/test_summary.json
phase2_biology,without_cofactor,42,ReactZyme,enzyme_smi,enzyme_to_reaction,0.9718037843704224,/datastor2/deep-proteins/EnzymeDiscovery/horizyn/runs/generalization_20260919_2251/cross_paper_retraining/v4_relative_biology_phase2_weight1_controls_20260921_v1/enzyme_smi/without_cofactor/test_summary.json
phase2_biology,without_cofactor,42,ReactZyme,enzyme_smi,reaction_to_enzyme,0.6662338376045227,/datastor2/deep-proteins/EnzymeDiscovery/horizyn/runs/generalization_20260919_2251/cross_paper_retraining/v4_relative_biology_phase2_weight1_controls_20260921_v1/enzyme_smi/without_cofactor/test_summary.json
phase2_biology,without_cofactor,42,ReactZyme,time,enzyme_to_reaction,0.8158608675003052,/datastor2/deep-proteins/EnzymeDiscovery/horizyn/runs/generalization_20260919_2251/cross_paper_retraining/v4_relative_biology_phase2_weight1_controls_20260921_v1/time/without_cofactor/test_summary.json
phase2_biology,without_cofactor,42,ReactZyme,time,reaction_to_enzyme,0.5383180975914001,/datastor2/deep-proteins/EnzymeDiscovery/horizyn/runs/generalization_20260919_2251/cross_paper_retraining/v4_relative_biology_phase2_weight1_controls_20260921_v1/time/without_cofactor/test_summary.json
phase2_biology,without_cofactor,42,EnzymeMap,table1,bedroc85,0.5720830414839426,/datastor2/deep-proteins/EnzymeDiscovery/horizyn/runs/generalization_20260919_2251/cross_paper_retraining/v4_relative_biology_phase2_weight1_controls_20260921_v1/enzymemap/without_cofactor/test_summary.json
phase2_biology,without_cofactor,42,EnzymeMap,table1,bedroc20,0.7553071054572004,/datastor2/deep-proteins/EnzymeDiscovery/horizyn/runs/generalization_20260919_2251/cross_paper_retraining/v4_relative_biology_phase2_weight1_controls_20260921_v1/enzymemap/without_cofactor/test_summary.json
phase2_biology,without_cofactor,42,EnzymeMap,table1,ef0.05,16.860920719072492,/datastor2/deep-proteins/EnzymeDiscovery/horizyn/runs/generalization_20260919_2251/cross_paper_retraining/v4_relative_biology_phase2_weight1_controls_20260921_v1/enzymemap/without_cofactor/test_summary.json
phase2_biology,without_cofactor,42,EnzymeMap,table1,ef0.1,8.956500815569807,/datastor2/deep-proteins/EnzymeDiscovery/horizyn/runs/generalization_20260919_2251/cross_paper_retraining/v4_relative_biology_phase2_weight1_controls_20260921_v1/enzymemap/without_cofactor/test_summary.json
phase2_biology,without_cofactor,42,EnzymeMap,table2,bedroc85,0.5284507011756703,/datastor2/deep-proteins/EnzymeDiscovery/horizyn/runs/generalization_20260919_2251/cross_paper_retraining/v4_relative_biology_phase2_weight1_controls_20260921_v1/enzymemap/without_cofactor/test_summary.json
phase2_biology,without_cofactor,42,EnzymeMap,table2,bedroc20,0.7262609062442228,/datastor2/deep-proteins/EnzymeDiscovery/horizyn/runs/generalization_20260919_2251/cross_paper_retraining/v4_relative_biology_phase2_weight1_controls_20260921_v1/enzymemap/without_cofactor/test_summary.json
phase2_biology,without_cofactor,42,EnzymeMap,table2,ef0.05,16.435718440909184,/datastor2/deep-proteins/EnzymeDiscovery/horizyn/runs/generalization_20260919_2251/cross_paper_retraining/v4_relative_biology_phase2_weight1_controls_20260921_v1/enzymemap/without_cofactor/test_summary.json
phase2_biology,without_cofactor,42,EnzymeMap,table2,ef0.1,8.795596104747274,/datastor2/deep-proteins/EnzymeDiscovery/horizyn/runs/generalization_20260919_2251/cross_paper_retraining/v4_relative_biology_phase2_weight1_controls_20260921_v1/enzymemap/without_cofactor/test_summary.json
phase2_biology,without_mechanism,42,ReactZyme,reaction_smi,enzyme_to_reaction,0.5341014266014099,/datastor2/deep-proteins/EnzymeDiscovery/horizyn/runs/generalization_20260919_2251/cross_paper_retraining/v4_relative_biology_phase2_weight1_controls_20260921_v1/reaction_smi/without_mechanism/test_summary.json
phase2_biology,without_mechanism,42,ReactZyme,reaction_smi,reaction_to_enzyme,0.40038731694221497,/datastor2/deep-proteins/EnzymeDiscovery/horizyn/runs/generalization_20260919_2251/cross_paper_retraining/v4_relative_biology_phase2_weight1_controls_20260921_v1/reaction_smi/without_mechanism/test_summary.json
phase2_biology,without_mechanism,42,ReactZyme,enzyme_smi,enzyme_to_reaction,0.9674297571182251,/datastor2/deep-proteins/EnzymeDiscovery/horizyn/runs/generalization_20260919_2251/cross_paper_retraining/v4_relative_biology_phase2_weight1_controls_20260921_v1/enzyme_smi/without_mechanism/test_summary.json
phase2_biology,without_mechanism,42,ReactZyme,enzyme_smi,reaction_to_enzyme,0.6662940382957458,/datastor2/deep-proteins/EnzymeDiscovery/horizyn/runs/generalization_20260919_2251/cross_paper_retraining/v4_relative_biology_phase2_weight1_controls_20260921_v1/enzyme_smi/without_mechanism/test_summary.json
phase2_biology,without_mechanism,42,ReactZyme,time,enzyme_to_reaction,0.8040378093719482,/datastor2/deep-proteins/EnzymeDiscovery/horizyn/runs/generalization_20260919_2251/cross_paper_retraining/v4_relative_biology_phase2_weight1_controls_20260921_v1/time/without_mechanism/test_summary.json
phase2_biology,without_mechanism,42,ReactZyme,time,reaction_to_enzyme,0.53827965259552,/datastor2/deep-proteins/EnzymeDiscovery/horizyn/runs/generalization_20260919_2251/cross_paper_retraining/v4_relative_biology_phase2_weight1_controls_20260921_v1/time/without_mechanism/test_summary.json
phase2_biology,without_mechanism,42,EnzymeMap,table1,bedroc85,0.5722419794689811,/datastor2/deep-proteins/EnzymeDiscovery/horizyn/runs/generalization_20260919_2251/cross_paper_retraining/v4_relative_biology_phase2_weight1_controls_20260921_v1/enzymemap/without_mechanism/test_summary.json
phase2_biology,without_mechanism,42,EnzymeMap,table1,bedroc20,0.7553639403223495,/datastor2/deep-proteins/EnzymeDiscovery/horizyn/runs/generalization_20260919_2251/cross_paper_retraining/v4_relative_biology_phase2_weight1_controls_20260921_v1/enzymemap/without_mechanism/test_summary.json
phase2_biology,without_mechanism,42,EnzymeMap,table1,ef0.05,16.859042255655567,/datastor2/deep-proteins/EnzymeDiscovery/horizyn/runs/generalization_20260919_2251/cross_paper_retraining/v4_relative_biology_phase2_weight1_controls_20260921_v1/enzymemap/without_mechanism/test_summary.json
phase2_biology,without_mechanism,42,EnzymeMap,table1,ef0.1,8.956500815569807,/datastor2/deep-proteins/EnzymeDiscovery/horizyn/runs/generalization_20260919_2251/cross_paper_retraining/v4_relative_biology_phase2_weight1_controls_20260921_v1/enzymemap/without_mechanism/test_summary.json
phase2_biology,without_mechanism,42,EnzymeMap,table2,bedroc85,0.5286313833404279,/datastor2/deep-proteins/EnzymeDiscovery/horizyn/runs/generalization_20260919_2251/cross_paper_retraining/v4_relative_biology_phase2_weight1_controls_20260921_v1/enzymemap/without_mechanism/test_summary.json
phase2_biology,without_mechanism,42,EnzymeMap,table2,bedroc20,0.7263243919107439,/datastor2/deep-proteins/EnzymeDiscovery/horizyn/runs/generalization_20260919_2251/cross_paper_retraining/v4_relative_biology_phase2_weight1_controls_20260921_v1/enzymemap/without_mechanism/test_summary.json
phase2_biology,without_mechanism,42,EnzymeMap,table2,ef0.05,16.419255094422365,/datastor2/deep-proteins/EnzymeDiscovery/horizyn/runs/generalization_20260919_2251/cross_paper_retraining/v4_relative_biology_phase2_weight1_controls_20260921_v1/enzymemap/without_mechanism/test_summary.json
phase2_biology,without_mechanism,42,EnzymeMap,table2,ef0.1,8.794349532820075,/datastor2/deep-proteins/EnzymeDiscovery/horizyn/runs/generalization_20260919_2251/cross_paper_retraining/v4_relative_biology_phase2_weight1_controls_20260921_v1/enzymemap/without_mechanism/test_summary.json
phase2_biology,shuffled_1,42,ReactZyme,reaction_smi,enzyme_to_reaction,0.5356024503707886,/datastor2/deep-proteins/EnzymeDiscovery/horizyn/runs/generalization_20260919_2251/cross_paper_retraining/v4_relative_biology_phase2_weight1_controls_20260921_v1/reaction_smi/shuffled_1/test_summary.json
phase2_biology,shuffled_1,42,ReactZyme,reaction_smi,reaction_to_enzyme,0.4005279242992401,/datastor2/deep-proteins/EnzymeDiscovery/horizyn/runs/generalization_20260919_2251/cross_paper_retraining/v4_relative_biology_phase2_weight1_controls_20260921_v1/reaction_smi/shuffled_1/test_summary.json
phase2_biology,shuffled_1,42,ReactZyme,enzyme_smi,enzyme_to_reaction,0.9708902835845947,/datastor2/deep-proteins/EnzymeDiscovery/horizyn/runs/generalization_20260919_2251/cross_paper_retraining/v4_relative_biology_phase2_weight1_controls_20260921_v1/enzyme_smi/shuffled_1/test_summary.json
phase2_biology,shuffled_1,42,ReactZyme,enzyme_smi,reaction_to_enzyme,0.6659849882125854,/datastor2/deep-proteins/EnzymeDiscovery/horizyn/runs/generalization_20260919_2251/cross_paper_retraining/v4_relative_biology_phase2_weight1_controls_20260921_v1/enzyme_smi/shuffled_1/test_summary.json
phase2_biology,shuffled_1,42,ReactZyme,time,enzyme_to_reaction,0.7902654409408569,/datastor2/deep-proteins/EnzymeDiscovery/horizyn/runs/generalization_20260919_2251/cross_paper_retraining/v4_relative_biology_phase2_weight1_controls_20260921_v1/time/shuffled_1/test_summary.json
phase2_biology,shuffled_1,42,ReactZyme,time,reaction_to_enzyme,0.53887540102005,/datastor2/deep-proteins/EnzymeDiscovery/horizyn/runs/generalization_20260919_2251/cross_paper_retraining/v4_relative_biology_phase2_weight1_controls_20260921_v1/time/shuffled_1/test_summary.json
phase2_biology,shuffled_1,42,EnzymeMap,table1,bedroc85,0.5720925827686537,/datastor2/deep-proteins/EnzymeDiscovery/horizyn/runs/generalization_20260919_2251/cross_paper_retraining/v4_relative_biology_phase2_weight1_controls_20260921_v1/enzymemap/shuffled_1/test_summary.json
phase2_biology,shuffled_1,42,EnzymeMap,table1,bedroc20,0.7551834454370192,/datastor2/deep-proteins/EnzymeDiscovery/horizyn/runs/generalization_20260919_2251/cross_paper_retraining/v4_relative_biology_phase2_weight1_controls_20260921_v1/enzymemap/shuffled_1/test_summary.json
phase2_biology,shuffled_1,42,EnzymeMap,table1,ef0.05,16.874069962990966,/datastor2/deep-proteins/EnzymeDiscovery/horizyn/runs/generalization_20260919_2251/cross_paper_retraining/v4_relative_biology_phase2_weight1_controls_20260921_v1/enzymemap/shuffled_1/test_summary.json
phase2_biology,shuffled_1,42,EnzymeMap,table1,ef0.1,8.958232562399594,/datastor2/deep-proteins/EnzymeDiscovery/horizyn/runs/generalization_20260919_2251/cross_paper_retraining/v4_relative_biology_phase2_weight1_controls_20260921_v1/enzymemap/shuffled_1/test_summary.json
phase2_biology,shuffled_1,42,EnzymeMap,table2,bedroc85,0.5284596686926979,/datastor2/deep-proteins/EnzymeDiscovery/horizyn/runs/generalization_20260919_2251/cross_paper_retraining/v4_relative_biology_phase2_weight1_controls_20260921_v1/enzymemap/shuffled_1/test_summary.json
phase2_biology,shuffled_1,42,EnzymeMap,table2,bedroc20,0.7260848713016922,/datastor2/deep-proteins/EnzymeDiscovery/horizyn/runs/generalization_20260919_2251/cross_paper_retraining/v4_relative_biology_phase2_weight1_controls_20260921_v1/enzymemap/shuffled_1/test_summary.json
phase2_biology,shuffled_1,42,EnzymeMap,table2,ef0.05,16.430386465186956,/datastor2/deep-proteins/EnzymeDiscovery/horizyn/runs/generalization_20260919_2251/cross_paper_retraining/v4_relative_biology_phase2_weight1_controls_20260921_v1/enzymemap/shuffled_1/test_summary.json
phase2_biology,shuffled_1,42,EnzymeMap,table2,ef0.1,8.78518356276713,/datastor2/deep-proteins/EnzymeDiscovery/horizyn/runs/generalization_20260919_2251/cross_paper_retraining/v4_relative_biology_phase2_weight1_controls_20260921_v1/enzymemap/shuffled_1/test_summary.json
temperature_18epochs,beta5,17,EnzymeMap,table1,bedroc85,0.5166109150336667,/datastor2/deep-proteins/EnzymeDiscovery/horizyn/runs/generalization_20260919_2251/cross_paper_retraining/sleec_beta5_fresh_replication_v1/seed17/phase2/composition_v1/test_evaluation/summary.json
temperature_18epochs,beta5,17,EnzymeMap,table1,bedroc20,0.7046900350327484,/datastor2/deep-proteins/EnzymeDiscovery/horizyn/runs/generalization_20260919_2251/cross_paper_retraining/sleec_beta5_fresh_replication_v1/seed17/phase2/composition_v1/test_evaluation/summary.json
temperature_18epochs,beta5,17,EnzymeMap,table1,ef0.05,15.851767085475686,/datastor2/deep-proteins/EnzymeDiscovery/horizyn/runs/generalization_20260919_2251/cross_paper_retraining/sleec_beta5_fresh_replication_v1/seed17/phase2/composition_v1/test_evaluation/summary.json
temperature_18epochs,beta5,17,EnzymeMap,table1,ef0.1,8.680138596604495,/datastor2/deep-proteins/EnzymeDiscovery/horizyn/runs/generalization_20260919_2251/cross_paper_retraining/sleec_beta5_fresh_replication_v1/seed17/phase2/composition_v1/test_evaluation/summary.json
temperature_18epochs,beta5,17,EnzymeMap,table2,bedroc85,0.4679173226527267,/datastor2/deep-proteins/EnzymeDiscovery/horizyn/runs/generalization_20260919_2251/cross_paper_retraining/sleec_beta5_fresh_replication_v1/seed17/phase2/composition_v1/test_evaluation/summary.json
temperature_18epochs,beta5,17,EnzymeMap,table2,bedroc20,0.6694739036126103,/datastor2/deep-proteins/EnzymeDiscovery/horizyn/runs/generalization_20260919_2251/cross_paper_retraining/sleec_beta5_fresh_replication_v1/seed17/phase2/composition_v1/test_evaluation/summary.json
temperature_18epochs,beta5,17,EnzymeMap,table2,ef0.05,15.212467579135858,/datastor2/deep-proteins/EnzymeDiscovery/horizyn/runs/generalization_20260919_2251/cross_paper_retraining/sleec_beta5_fresh_replication_v1/seed17/phase2/composition_v1/test_evaluation/summary.json
temperature_18epochs,beta5,17,EnzymeMap,table2,ef0.1,8.50437911216431,/datastor2/deep-proteins/EnzymeDiscovery/horizyn/runs/generalization_20260919_2251/cross_paper_retraining/sleec_beta5_fresh_replication_v1/seed17/phase2/composition_v1/test_evaluation/summary.json
temperature_18epochs,beta5,73,EnzymeMap,table1,bedroc85,0.4868846986269955,/datastor2/deep-proteins/EnzymeDiscovery/horizyn/runs/generalization_20260919_2251/cross_paper_retraining/sleec_beta5_fresh_replication_v1/seed73/phase2/composition_v1/test_evaluation/summary.json
temperature_18epochs,beta5,73,EnzymeMap,table1,bedroc20,0.6618993055218148,/datastor2/deep-proteins/EnzymeDiscovery/horizyn/runs/generalization_20260919_2251/cross_paper_retraining/sleec_beta5_fresh_replication_v1/seed73/phase2/composition_v1/test_evaluation/summary.json
temperature_18epochs,beta5,73,EnzymeMap,table1,ef0.05,14.773096448947262,/datastor2/deep-proteins/EnzymeDiscovery/horizyn/runs/generalization_20260919_2251/cross_paper_retraining/sleec_beta5_fresh_replication_v1/seed73/phase2/composition_v1/test_evaluation/summary.json
temperature_18epochs,beta5,73,EnzymeMap,table1,ef0.1,8.075775534940295,/datastor2/deep-proteins/EnzymeDiscovery/horizyn/runs/generalization_20260919_2251/cross_paper_retraining/sleec_beta5_fresh_replication_v1/seed73/phase2/composition_v1/test_evaluation/summary.json
temperature_18epochs,beta5,73,EnzymeMap,table2,bedroc85,0.44075011954183074,/datastor2/deep-proteins/EnzymeDiscovery/horizyn/runs/generalization_20260919_2251/cross_paper_retraining/sleec_beta5_fresh_replication_v1/seed73/phase2/composition_v1/test_evaluation/summary.json
temperature_18epochs,beta5,73,EnzymeMap,table2,bedroc20,0.6244571609248104,/datastor2/deep-proteins/EnzymeDiscovery/horizyn/runs/generalization_20260919_2251/cross_paper_retraining/sleec_beta5_fresh_replication_v1/seed73/phase2/composition_v1/test_evaluation/summary.json
temperature_18epochs,beta5,73,EnzymeMap,table2,ef0.05,14.054898472003247,/datastor2/deep-proteins/EnzymeDiscovery/horizyn/runs/generalization_20260919_2251/cross_paper_retraining/sleec_beta5_fresh_replication_v1/seed73/phase2/composition_v1/test_evaluation/summary.json
temperature_18epochs,beta5,73,EnzymeMap,table2,ef0.1,7.7869500908161395,/datastor2/deep-proteins/EnzymeDiscovery/horizyn/runs/generalization_20260919_2251/cross_paper_retraining/sleec_beta5_fresh_replication_v1/seed73/phase2/composition_v1/test_evaluation/summary.json
temperature_18epochs,beta5,42,EnzymeMap,table1,bedroc85,0.5614721584917893,/datastor2/deep-proteins/EnzymeDiscovery/horizyn/runs/generalization_20260919_2251/cross_paper_retraining/sleec_beta5_fresh_replication_v1/seed42/phase2/composition_v1/test_evaluation/summary.json
temperature_18epochs,beta5,42,EnzymeMap,table1,bedroc20,0.735602436825521,/datastor2/deep-proteins/EnzymeDiscovery/horizyn/runs/generalization_20260919_2251/cross_paper_retraining/sleec_beta5_fresh_replication_v1/seed42/phase2/composition_v1/test_evaluation/summary.json
temperature_18epochs,beta5,42,EnzymeMap,table1,ef0.05,16.330731700439113,/datastor2/deep-proteins/EnzymeDiscovery/horizyn/runs/generalization_20260919_2251/cross_paper_retraining/sleec_beta5_fresh_replication_v1/seed42/phase2/composition_v1/test_evaluation/summary.json
temperature_18epochs,beta5,42,EnzymeMap,table1,ef0.1,8.792757190073178,/datastor2/deep-proteins/EnzymeDiscovery/horizyn/runs/generalization_20260919_2251/cross_paper_retraining/sleec_beta5_fresh_replication_v1/seed42/phase2/composition_v1/test_evaluation/summary.json
temperature_18epochs,beta5,42,EnzymeMap,table2,bedroc85,0.522387034820466,/datastor2/deep-proteins/EnzymeDiscovery/horizyn/runs/generalization_20260919_2251/cross_paper_retraining/sleec_beta5_fresh_replication_v1/seed42/phase2/composition_v1/test_evaluation/summary.json
temperature_18epochs,beta5,42,EnzymeMap,table2,bedroc20,0.7060606829651518,/datastor2/deep-proteins/EnzymeDiscovery/horizyn/runs/generalization_20260919_2251/cross_paper_retraining/sleec_beta5_fresh_replication_v1/seed42/phase2/composition_v1/test_evaluation/summary.json
temperature_18epochs,beta5,42,EnzymeMap,table2,ef0.05,15.802751194916471,/datastor2/deep-proteins/EnzymeDiscovery/horizyn/runs/generalization_20260919_2251/cross_paper_retraining/sleec_beta5_fresh_replication_v1/seed42/phase2/composition_v1/test_evaluation/summary.json
temperature_18epochs,beta5,42,EnzymeMap,table2,ef0.1,8.600391920287187,/datastor2/deep-proteins/EnzymeDiscovery/horizyn/runs/generalization_20260919_2251/cross_paper_retraining/sleec_beta5_fresh_replication_v1/seed42/phase2/composition_v1/test_evaluation/summary.json
temperature_18epochs,beta10,17,EnzymeMap,table1,bedroc85,0.47159645405111494,/datastor2/deep-proteins/EnzymeDiscovery/horizyn/runs/generalization_20260919_2251/cross_paper_retraining/sleec_beta10_matched18_replication_v1/seed17/phase2/composition_v1/test_evaluation/summary.json
temperature_18epochs,beta10,17,EnzymeMap,table1,bedroc20,0.6434976777889964,/datastor2/deep-proteins/EnzymeDiscovery/horizyn/runs/generalization_20260919_2251/cross_paper_retraining/sleec_beta10_matched18_replication_v1/seed17/phase2/composition_v1/test_evaluation/summary.json
temperature_18epochs,beta10,17,EnzymeMap,table1,ef0.05,14.21820302196107,/datastor2/deep-proteins/EnzymeDiscovery/horizyn/runs/generalization_20260919_2251/cross_paper_retraining/sleec_beta10_matched18_replication_v1/seed17/phase2/composition_v1/test_evaluation/summary.json
temperature_18epochs,beta10,17,EnzymeMap,table1,ef0.1,7.9681855686087095,/datastor2/deep-proteins/EnzymeDiscovery/horizyn/runs/generalization_20260919_2251/cross_paper_retraining/sleec_beta10_matched18_replication_v1/seed17/phase2/composition_v1/test_evaluation/summary.json
temperature_18epochs,beta10,17,EnzymeMap,table2,bedroc85,0.41216302843403496,/datastor2/deep-proteins/EnzymeDiscovery/horizyn/runs/generalization_20260919_2251/cross_paper_retraining/sleec_beta10_matched18_replication_v1/seed17/phase2/composition_v1/test_evaluation/summary.json
temperature_18epochs,beta10,17,EnzymeMap,table2,bedroc20,0.5977574453908857,/datastor2/deep-proteins/EnzymeDiscovery/horizyn/runs/generalization_20260919_2251/cross_paper_retraining/sleec_beta10_matched18_replication_v1/seed17/phase2/composition_v1/test_evaluation/summary.json
temperature_18epochs,beta10,17,EnzymeMap,table2,ef0.05,13.383919115844897,/datastor2/deep-proteins/EnzymeDiscovery/horizyn/runs/generalization_20260919_2251/cross_paper_retraining/sleec_beta10_matched18_replication_v1/seed17/phase2/composition_v1/test_evaluation/summary.json
temperature_18epochs,beta10,17,EnzymeMap,table2,ef0.1,7.6779018553219265,/datastor2/deep-proteins/EnzymeDiscovery/horizyn/runs/generalization_20260919_2251/cross_paper_retraining/sleec_beta10_matched18_replication_v1/seed17/phase2/composition_v1/test_evaluation/summary.json
temperature_18epochs,beta10,73,EnzymeMap,table1,bedroc85,0.4761456966475104,/datastor2/deep-proteins/EnzymeDiscovery/horizyn/runs/generalization_20260919_2251/cross_paper_retraining/sleec_beta10_matched18_replication_v1/seed73/phase2/composition_v1/test_evaluation/summary.json
temperature_18epochs,beta10,73,EnzymeMap,table1,bedroc20,0.6532537997512491,/datastor2/deep-proteins/EnzymeDiscovery/horizyn/runs/generalization_20260919_2251/cross_paper_retraining/sleec_beta10_matched18_replication_v1/seed73/phase2/composition_v1/test_evaluation/summary.json
temperature_18epochs,beta10,73,EnzymeMap,table1,ef0.05,14.606958226486652,/datastor2/deep-proteins/EnzymeDiscovery/horizyn/runs/generalization_20260919_2251/cross_paper_retraining/sleec_beta10_matched18_replication_v1/seed73/phase2/composition_v1/test_evaluation/summary.json
temperature_18epochs,beta10,73,EnzymeMap,table1,ef0.1,8.110334985595395,/datastor2/deep-proteins/EnzymeDiscovery/horizyn/runs/generalization_20260919_2251/cross_paper_retraining/sleec_beta10_matched18_replication_v1/seed73/phase2/composition_v1/test_evaluation/summary.json
temperature_18epochs,beta10,73,EnzymeMap,table2,bedroc85,0.4195386899380812,/datastor2/deep-proteins/EnzymeDiscovery/horizyn/runs/generalization_20260919_2251/cross_paper_retraining/sleec_beta10_matched18_replication_v1/seed73/phase2/composition_v1/test_evaluation/summary.json
temperature_18epochs,beta10,73,EnzymeMap,table2,bedroc20,0.6114401878509073,/datastor2/deep-proteins/EnzymeDiscovery/horizyn/runs/generalization_20260919_2251/cross_paper_retraining/sleec_beta10_matched18_replication_v1/seed73/phase2/composition_v1/test_evaluation/summary.json
temperature_18epochs,beta10,73,EnzymeMap,table2,ef0.05,13.887466980251377,/datastor2/deep-proteins/EnzymeDiscovery/horizyn/runs/generalization_20260919_2251/cross_paper_retraining/sleec_beta10_matched18_replication_v1/seed73/phase2/composition_v1/test_evaluation/summary.json
temperature_18epochs,beta10,73,EnzymeMap,table2,ef0.1,7.857484526644033,/datastor2/deep-proteins/EnzymeDiscovery/horizyn/runs/generalization_20260919_2251/cross_paper_retraining/sleec_beta10_matched18_replication_v1/seed73/phase2/composition_v1/test_evaluation/summary.json
temperature_18epochs,beta10,42,EnzymeMap,table1,bedroc85,0.5343766685928554,/datastor2/deep-proteins/EnzymeDiscovery/horizyn/runs/generalization_20260919_2251/cross_paper_retraining/sleec_beta10_matched18_replication_v1/seed42/phase2/composition_v1/test_evaluation/summary.json
temperature_18epochs,beta10,42,EnzymeMap,table1,bedroc20,0.6962789233047401,/datastor2/deep-proteins/EnzymeDiscovery/horizyn/runs/generalization_20260919_2251/cross_paper_retraining/sleec_beta10_matched18_replication_v1/seed42/phase2/composition_v1/test_evaluation/summary.json
temperature_18epochs,beta10,42,EnzymeMap,table1,ef0.05,15.232426706685624,/datastor2/deep-proteins/EnzymeDiscovery/horizyn/runs/generalization_20260919_2251/cross_paper_retraining/sleec_beta10_matched18_replication_v1/seed42/phase2/composition_v1/test_evaluation/summary.json
temperature_18epochs,beta10,42,EnzymeMap,table1,ef0.1,8.427360623507584,/datastor2/deep-proteins/EnzymeDiscovery/horizyn/runs/generalization_20260919_2251/cross_paper_retraining/sleec_beta10_matched18_replication_v1/seed42/phase2/composition_v1/test_evaluation/summary.json
temperature_18epochs,beta10,42,EnzymeMap,table2,bedroc85,0.48797418811463733,/datastor2/deep-proteins/EnzymeDiscovery/horizyn/runs/generalization_20260919_2251/cross_paper_retraining/sleec_beta10_matched18_replication_v1/seed42/phase2/composition_v1/test_evaluation/summary.json
temperature_18epochs,beta10,42,EnzymeMap,table2,bedroc20,0.6611558970822713,/datastor2/deep-proteins/EnzymeDiscovery/horizyn/runs/generalization_20260919_2251/cross_paper_retraining/sleec_beta10_matched18_replication_v1/seed42/phase2/composition_v1/test_evaluation/summary.json
temperature_18epochs,beta10,42,EnzymeMap,table2,ef0.05,14.589810090554197,/datastor2/deep-proteins/EnzymeDiscovery/horizyn/runs/generalization_20260919_2251/cross_paper_retraining/sleec_beta10_matched18_replication_v1/seed42/phase2/composition_v1/test_evaluation/summary.json
temperature_18epochs,beta10,42,EnzymeMap,table2,ef0.1,8.187309693772669,/datastor2/deep-proteins/EnzymeDiscovery/horizyn/runs/generalization_20260919_2251/cross_paper_retraining/sleec_beta10_matched18_replication_v1/seed42/phase2/composition_v1/test_evaluation/summary.json
f3_biology_seeds,control,42,EnzymeMap,table1,bedroc85,0.5723365103066209,/datastor2/deep-proteins/EnzymeDiscovery/horizyn/runs/generalization_20260919_2251/cross_paper_retraining/v4_biological_geometry_20260921_v1/enzymemap/control/test_summary.json
f3_biology_seeds,control,42,EnzymeMap,table1,bedroc20,0.7554333716338482,/datastor2/deep-proteins/EnzymeDiscovery/horizyn/runs/generalization_20260919_2251/cross_paper_retraining/v4_biological_geometry_20260921_v1/enzymemap/control/test_summary.json
f3_biology_seeds,control,42,EnzymeMap,table1,ef0.05,16.859042255655567,/datastor2/deep-proteins/EnzymeDiscovery/horizyn/runs/generalization_20260919_2251/cross_paper_retraining/v4_biological_geometry_20260921_v1/enzymemap/control/test_summary.json
f3_biology_seeds,control,42,EnzymeMap,table1,ef0.1,8.958692356222887,/datastor2/deep-proteins/EnzymeDiscovery/horizyn/runs/generalization_20260919_2251/cross_paper_retraining/v4_biological_geometry_20260921_v1/enzymemap/control/test_summary.json
f3_biology_seeds,control,42,EnzymeMap,table2,bedroc85,0.5287342957098796,/datastor2/deep-proteins/EnzymeDiscovery/horizyn/runs/generalization_20260919_2251/cross_paper_retraining/v4_biological_geometry_20260921_v1/enzymemap/control/test_summary.json
f3_biology_seeds,control,42,EnzymeMap,table2,bedroc20,0.726403267784587,/datastor2/deep-proteins/EnzymeDiscovery/horizyn/runs/generalization_20260919_2251/cross_paper_retraining/v4_biological_geometry_20260921_v1/enzymemap/control/test_summary.json
f3_biology_seeds,control,42,EnzymeMap,table2,ef0.05,16.4186330727305,/datastor2/deep-proteins/EnzymeDiscovery/horizyn/runs/generalization_20260919_2251/cross_paper_retraining/v4_biological_geometry_20260921_v1/enzymemap/control/test_summary.json
f3_biology_seeds,control,42,EnzymeMap,table2,ef0.1,8.793102960892874,/datastor2/deep-proteins/EnzymeDiscovery/horizyn/runs/generalization_20260919_2251/cross_paper_retraining/v4_biological_geometry_20260921_v1/enzymemap/control/test_summary.json
f3_biology_seeds,relative_0p1,42,EnzymeMap,table1,bedroc85,0.587057281628223,/datastor2/deep-proteins/EnzymeDiscovery/horizyn/runs/generalization_20260919_2251/cross_paper_retraining/v4_relative_biology_f3_20260921_v1/followup/enzymemap/enzymemap/f3_biology/test_summary.json
f3_biology_seeds,relative_0p1,42,EnzymeMap,table1,bedroc20,0.7655899883868845,/datastor2/deep-proteins/EnzymeDiscovery/horizyn/runs/generalization_20260919_2251/cross_paper_retraining/v4_relative_biology_f3_20260921_v1/followup/enzymemap/enzymemap/f3_biology/test_summary.json
f3_biology_seeds,relative_0p1,42,EnzymeMap,table1,ef0.05,16.983633164901775,/datastor2/deep-proteins/EnzymeDiscovery/horizyn/runs/generalization_20260919_2251/cross_paper_retraining/v4_relative_biology_f3_20260921_v1/followup/enzymemap/enzymemap/f3_biology/test_summary.json
f3_biology_seeds,relative_0p1,42,EnzymeMap,table1,ef0.1,9.05758192376331,/datastor2/deep-proteins/EnzymeDiscovery/horizyn/runs/generalization_20260919_2251/cross_paper_retraining/v4_relative_biology_f3_20260921_v1/followup/enzymemap/enzymemap/f3_biology/test_summary.json
f3_biology_seeds,relative_0p1,42,EnzymeMap,table2,bedroc85,0.5448729466110076,/datastor2/deep-proteins/EnzymeDiscovery/horizyn/runs/generalization_20260919_2251/cross_paper_retraining/v4_relative_biology_f3_20260921_v1/followup/enzymemap/enzymemap/f3_biology/test_summary.json
f3_biology_seeds,relative_0p1,42,EnzymeMap,table2,bedroc20,0.7373346857442235,/datastor2/deep-proteins/EnzymeDiscovery/horizyn/runs/generalization_20260919_2251/cross_paper_retraining/v4_relative_biology_f3_20260921_v1/followup/enzymemap/enzymemap/f3_biology/test_summary.json
f3_biology_seeds,relative_0p1,42,EnzymeMap,table2,ef0.05,16.558642982344526,/datastor2/deep-proteins/EnzymeDiscovery/horizyn/runs/generalization_20260919_2251/cross_paper_retraining/v4_relative_biology_f3_20260921_v1/followup/enzymemap/enzymemap/f3_biology/test_summary.json
f3_biology_seeds,relative_0p1,42,EnzymeMap,table2,ef0.1,8.912203543895528,/datastor2/deep-proteins/EnzymeDiscovery/horizyn/runs/generalization_20260919_2251/cross_paper_retraining/v4_relative_biology_f3_20260921_v1/followup/enzymemap/enzymemap/f3_biology/test_summary.json
f3_biology_seeds,relative_1,42,EnzymeMap,table1,bedroc85,0.591893938806024,/datastor2/deep-proteins/EnzymeDiscovery/horizyn/runs/generalization_20260919_2251/cross_paper_retraining/v4_relative_biology_f3_weight1_20260921_v1/followup/enzymemap/enzymemap/f3_biology/test_summary.json
f3_biology_seeds,relative_1,42,EnzymeMap,table1,bedroc20,0.762515634564553,/datastor2/deep-proteins/EnzymeDiscovery/horizyn/runs/generalization_20260919_2251/cross_paper_retraining/v4_relative_biology_f3_weight1_20260921_v1/followup/enzymemap/enzymemap/f3_biology/test_summary.json
f3_biology_seeds,relative_1,42,EnzymeMap,table1,ef0.05,16.678958732710186,/datastor2/deep-proteins/EnzymeDiscovery/horizyn/runs/generalization_20260919_2251/cross_paper_retraining/v4_relative_biology_f3_weight1_20260921_v1/followup/enzymemap/enzymemap/f3_biology/test_summary.json
f3_biology_seeds,relative_1,42,EnzymeMap,table1,ef0.1,8.962759756911607,/datastor2/deep-proteins/EnzymeDiscovery/horizyn/runs/generalization_20260919_2251/cross_paper_retraining/v4_relative_biology_f3_weight1_20260921_v1/followup/enzymemap/enzymemap/f3_biology/test_summary.json
f3_biology_seeds,relative_1,42,EnzymeMap,table2,bedroc85,0.5503438353640806,/datastor2/deep-proteins/EnzymeDiscovery/horizyn/runs/generalization_20260919_2251/cross_paper_retraining/v4_relative_biology_f3_weight1_20260921_v1/followup/enzymemap/enzymemap/f3_biology/test_summary.json
f3_biology_seeds,relative_1,42,EnzymeMap,table2,bedroc20,0.7334745379234393,/datastor2/deep-proteins/EnzymeDiscovery/horizyn/runs/generalization_20260919_2251/cross_paper_retraining/v4_relative_biology_f3_weight1_20260921_v1/followup/enzymemap/enzymemap/f3_biology/test_summary.json
f3_biology_seeds,relative_1,42,EnzymeMap,table2,ef0.05,16.186410733095645,/datastor2/deep-proteins/EnzymeDiscovery/horizyn/runs/generalization_20260919_2251/cross_paper_retraining/v4_relative_biology_f3_weight1_20260921_v1/followup/enzymemap/enzymemap/f3_biology/test_summary.json
f3_biology_seeds,relative_1,42,EnzymeMap,table2,ef0.1,8.807354566676771,/datastor2/deep-proteins/EnzymeDiscovery/horizyn/runs/generalization_20260919_2251/cross_paper_retraining/v4_relative_biology_f3_weight1_20260921_v1/followup/enzymemap/enzymemap/f3_biology/test_summary.json
f3_biology_seeds,control,43,EnzymeMap,table1,bedroc85,0.4989488251058848,/datastor2/deep-proteins/EnzymeDiscovery/horizyn/runs/generalization_20260919_2251/cross_paper_retraining/v4_biological_f3_seed_controls_20260921_v1/control_seed43/followup/enzymemap/enzymemap/f3_biology/test_summary.json
f3_biology_seeds,control,43,EnzymeMap,table1,bedroc20,0.6996786674472121,/datastor2/deep-proteins/EnzymeDiscovery/horizyn/runs/generalization_20260919_2251/cross_paper_retraining/v4_biological_f3_seed_controls_20260921_v1/control_seed43/followup/enzymemap/enzymemap/f3_biology/test_summary.json
f3_biology_seeds,control,43,EnzymeMap,table1,ef0.05,15.877905292057973,/datastor2/deep-proteins/EnzymeDiscovery/horizyn/runs/generalization_20260919_2251/cross_paper_retraining/v4_biological_f3_seed_controls_20260921_v1/control_seed43/followup/enzymemap/enzymemap/f3_biology/test_summary.json
f3_biology_seeds,control,43,EnzymeMap,table1,ef0.1,8.610979619752175,/datastor2/deep-proteins/EnzymeDiscovery/horizyn/runs/generalization_20260919_2251/cross_paper_retraining/v4_biological_f3_seed_controls_20260921_v1/control_seed43/followup/enzymemap/enzymemap/f3_biology/test_summary.json
f3_biology_seeds,control,43,EnzymeMap,table2,bedroc85,0.4464901414967506,/datastor2/deep-proteins/EnzymeDiscovery/horizyn/runs/generalization_20260919_2251/cross_paper_retraining/v4_biological_f3_seed_controls_20260921_v1/control_seed43/followup/enzymemap/enzymemap/f3_biology/test_summary.json
f3_biology_seeds,control,43,EnzymeMap,table2,bedroc20,0.6615595120262426,/datastor2/deep-proteins/EnzymeDiscovery/horizyn/runs/generalization_20260919_2251/cross_paper_retraining/v4_biological_f3_seed_controls_20260921_v1/control_seed43/followup/enzymemap/enzymemap/f3_biology/test_summary.json
f3_biology_seeds,control,43,EnzymeMap,table2,ef0.05,15.325991732825027,/datastor2/deep-proteins/EnzymeDiscovery/horizyn/runs/generalization_20260919_2251/cross_paper_retraining/v4_biological_f3_seed_controls_20260921_v1/control_seed43/followup/enzymemap/enzymemap/f3_biology/test_summary.json
f3_biology_seeds,control,43,EnzymeMap,table2,ef0.1,8.361067551059717,/datastor2/deep-proteins/EnzymeDiscovery/horizyn/runs/generalization_20260919_2251/cross_paper_retraining/v4_biological_f3_seed_controls_20260921_v1/control_seed43/followup/enzymemap/enzymemap/f3_biology/test_summary.json
f3_biology_seeds,relative_0p1,43,EnzymeMap,table1,bedroc85,0.4947156018017597,/datastor2/deep-proteins/EnzymeDiscovery/horizyn/runs/generalization_20260919_2251/cross_paper_retraining/v4_relative_biology_seed_replication_20260921_v1/weight0p1_seed43/followup/enzymemap/enzymemap/f3_biology/test_summary.json
f3_biology_seeds,relative_0p1,43,EnzymeMap,table1,bedroc20,0.6967833681300546,/datastor2/deep-proteins/EnzymeDiscovery/horizyn/runs/generalization_20260919_2251/cross_paper_retraining/v4_relative_biology_seed_replication_20260921_v1/weight0p1_seed43/followup/enzymemap/enzymemap/f3_biology/test_summary.json
f3_biology_seeds,relative_0p1,43,EnzymeMap,table1,ef0.05,15.793487649645128,/datastor2/deep-proteins/EnzymeDiscovery/horizyn/runs/generalization_20260919_2251/cross_paper_retraining/v4_relative_biology_seed_replication_20260921_v1/weight0p1_seed43/followup/enzymemap/enzymemap/f3_biology/test_summary.json
f3_biology_seeds,relative_0p1,43,EnzymeMap,table1,ef0.1,8.606956040125278,/datastor2/deep-proteins/EnzymeDiscovery/horizyn/runs/generalization_20260919_2251/cross_paper_retraining/v4_relative_biology_seed_replication_20260921_v1/weight0p1_seed43/followup/enzymemap/enzymemap/f3_biology/test_summary.json
f3_biology_seeds,relative_0p1,43,EnzymeMap,table2,bedroc85,0.4422848870331373,/datastor2/deep-proteins/EnzymeDiscovery/horizyn/runs/generalization_20260919_2251/cross_paper_retraining/v4_relative_biology_seed_replication_20260921_v1/weight0p1_seed43/followup/enzymemap/enzymemap/f3_biology/test_summary.json
f3_biology_seeds,relative_0p1,43,EnzymeMap,table2,bedroc20,0.658592185849915,/datastor2/deep-proteins/EnzymeDiscovery/horizyn/runs/generalization_20260919_2251/cross_paper_retraining/v4_relative_biology_seed_replication_20260921_v1/weight0p1_seed43/followup/enzymemap/enzymemap/f3_biology/test_summary.json
f3_biology_seeds,relative_0p1,43,EnzymeMap,table2,ef0.05,15.164697578482343,/datastor2/deep-proteins/EnzymeDiscovery/horizyn/runs/generalization_20260919_2251/cross_paper_retraining/v4_relative_biology_seed_replication_20260921_v1/weight0p1_seed43/followup/enzymemap/enzymemap/f3_biology/test_summary.json
f3_biology_seeds,relative_0p1,43,EnzymeMap,table2,ef0.1,8.36387928571553,/datastor2/deep-proteins/EnzymeDiscovery/horizyn/runs/generalization_20260919_2251/cross_paper_retraining/v4_relative_biology_seed_replication_20260921_v1/weight0p1_seed43/followup/enzymemap/enzymemap/f3_biology/test_summary.json
f3_biology_seeds,relative_1,43,EnzymeMap,table1,bedroc85,0.5117138910558047,/datastor2/deep-proteins/EnzymeDiscovery/horizyn/runs/generalization_20260919_2251/cross_paper_retraining/v4_relative_biology_seed_replication_20260921_v1/weight1_seed43/followup/enzymemap/enzymemap/f3_biology/test_summary.json
f3_biology_seeds,relative_1,43,EnzymeMap,table1,bedroc20,0.7062416500702577,/datastor2/deep-proteins/EnzymeDiscovery/horizyn/runs/generalization_20260919_2251/cross_paper_retraining/v4_relative_biology_seed_replication_20260921_v1/weight1_seed43/followup/enzymemap/enzymemap/f3_biology/test_summary.json
f3_biology_seeds,relative_1,43,EnzymeMap,table1,ef0.05,15.906405416124699,/datastor2/deep-proteins/EnzymeDiscovery/horizyn/runs/generalization_20260919_2251/cross_paper_retraining/v4_relative_biology_seed_replication_20260921_v1/weight1_seed43/followup/enzymemap/enzymemap/f3_biology/test_summary.json
f3_biology_seeds,relative_1,43,EnzymeMap,table1,ef0.1,8.702464851545988,/datastor2/deep-proteins/EnzymeDiscovery/horizyn/runs/generalization_20260919_2251/cross_paper_retraining/v4_relative_biology_seed_replication_20260921_v1/weight1_seed43/followup/enzymemap/enzymemap/f3_biology/test_summary.json
f3_biology_seeds,relative_1,43,EnzymeMap,table2,bedroc85,0.4605475579525611,/datastor2/deep-proteins/EnzymeDiscovery/horizyn/runs/generalization_20260919_2251/cross_paper_retraining/v4_relative_biology_seed_replication_20260921_v1/weight1_seed43/followup/enzymemap/enzymemap/f3_biology/test_summary.json
f3_biology_seeds,relative_1,43,EnzymeMap,table2,bedroc20,0.6688474873744039,/datastor2/deep-proteins/EnzymeDiscovery/horizyn/runs/generalization_20260919_2251/cross_paper_retraining/v4_relative_biology_seed_replication_20260921_v1/weight1_seed43/followup/enzymemap/enzymemap/f3_biology/test_summary.json
f3_biology_seeds,relative_1,43,EnzymeMap,table2,ef0.05,15.249022584301809,/datastor2/deep-proteins/EnzymeDiscovery/horizyn/runs/generalization_20260919_2251/cross_paper_retraining/v4_relative_biology_seed_replication_20260921_v1/weight1_seed43/followup/enzymemap/enzymemap/f3_biology/test_summary.json
f3_biology_seeds,relative_1,43,EnzymeMap,table2,ef0.1,8.493495212682857,/datastor2/deep-proteins/EnzymeDiscovery/horizyn/runs/generalization_20260919_2251/cross_paper_retraining/v4_relative_biology_seed_replication_20260921_v1/weight1_seed43/followup/enzymemap/enzymemap/f3_biology/test_summary.json
f3_biology_seeds,control,44,EnzymeMap,table1,bedroc85,0.471203468351449,/datastor2/deep-proteins/EnzymeDiscovery/horizyn/runs/generalization_20260919_2251/cross_paper_retraining/v4_biological_f3_seed_controls_20260921_v1/control_seed44/followup/enzymemap/enzymemap/f3_biology/test_summary.json
f3_biology_seeds,control,44,EnzymeMap,table1,bedroc20,0.6541349216678078,/datastor2/deep-proteins/EnzymeDiscovery/horizyn/runs/generalization_20260919_2251/cross_paper_retraining/v4_biological_f3_seed_controls_20260921_v1/control_seed44/followup/enzymemap/enzymemap/f3_biology/test_summary.json
f3_biology_seeds,control,44,EnzymeMap,table1,ef0.05,14.610618395295882,/datastor2/deep-proteins/EnzymeDiscovery/horizyn/runs/generalization_20260919_2251/cross_paper_retraining/v4_biological_f3_seed_controls_20260921_v1/control_seed44/followup/enzymemap/enzymemap/f3_biology/test_summary.json
f3_biology_seeds,control,44,EnzymeMap,table1,ef0.1,8.235427460272948,/datastor2/deep-proteins/EnzymeDiscovery/horizyn/runs/generalization_20260919_2251/cross_paper_retraining/v4_biological_f3_seed_controls_20260921_v1/control_seed44/followup/enzymemap/enzymemap/f3_biology/test_summary.json
f3_biology_seeds,control,44,EnzymeMap,table2,bedroc85,0.4115966337368299,/datastor2/deep-proteins/EnzymeDiscovery/horizyn/runs/generalization_20260919_2251/cross_paper_retraining/v4_biological_f3_seed_controls_20260921_v1/control_seed44/followup/enzymemap/enzymemap/f3_biology/test_summary.json
f3_biology_seeds,control,44,EnzymeMap,table2,bedroc20,0.6097089121576309,/datastor2/deep-proteins/EnzymeDiscovery/horizyn/runs/generalization_20260919_2251/cross_paper_retraining/v4_biological_f3_seed_controls_20260921_v1/control_seed44/followup/enzymemap/enzymemap/f3_biology/test_summary.json
f3_biology_seeds,control,44,EnzymeMap,table2,ef0.05,13.82481583396299,/datastor2/deep-proteins/EnzymeDiscovery/horizyn/runs/generalization_20260919_2251/cross_paper_retraining/v4_biological_f3_seed_controls_20260921_v1/control_seed44/followup/enzymemap/enzymemap/f3_biology/test_summary.json
f3_biology_seeds,control,44,EnzymeMap,table2,ef0.1,7.972772825519527,/datastor2/deep-proteins/EnzymeDiscovery/horizyn/runs/generalization_20260919_2251/cross_paper_retraining/v4_biological_f3_seed_controls_20260921_v1/control_seed44/followup/enzymemap/enzymemap/f3_biology/test_summary.json
f3_biology_seeds,relative_0p1,44,EnzymeMap,table1,bedroc85,0.46815637039686425,/datastor2/deep-proteins/EnzymeDiscovery/horizyn/runs/generalization_20260919_2251/cross_paper_retraining/v4_relative_biology_seed_replication_20260921_v1/weight0p1_seed44/followup/enzymemap/enzymemap/f3_biology/test_summary.json
f3_biology_seeds,relative_0p1,44,EnzymeMap,table1,bedroc20,0.6541931125700445,/datastor2/deep-proteins/EnzymeDiscovery/horizyn/runs/generalization_20260919_2251/cross_paper_retraining/v4_relative_biology_seed_replication_20260921_v1/weight0p1_seed44/followup/enzymemap/enzymemap/f3_biology/test_summary.json
f3_biology_seeds,relative_0p1,44,EnzymeMap,table1,ef0.05,14.576141573214851,/datastor2/deep-proteins/EnzymeDiscovery/horizyn/runs/generalization_20260919_2251/cross_paper_retraining/v4_relative_biology_seed_replication_20260921_v1/weight0p1_seed44/followup/enzymemap/enzymemap/f3_biology/test_summary.json
f3_biology_seeds,relative_0p1,44,EnzymeMap,table1,ef0.1,8.408587082098508,/datastor2/deep-proteins/EnzymeDiscovery/horizyn/runs/generalization_20260919_2251/cross_paper_retraining/v4_relative_biology_seed_replication_20260921_v1/weight0p1_seed44/followup/enzymemap/enzymemap/f3_biology/test_summary.json
f3_biology_seeds,relative_0p1,44,EnzymeMap,table2,bedroc85,0.4076171505957282,/datastor2/deep-proteins/EnzymeDiscovery/horizyn/runs/generalization_20260919_2251/cross_paper_retraining/v4_relative_biology_seed_replication_20260921_v1/weight0p1_seed44/followup/enzymemap/enzymemap/f3_biology/test_summary.json
f3_biology_seeds,relative_0p1,44,EnzymeMap,table2,bedroc20,0.6096076399458955,/datastor2/deep-proteins/EnzymeDiscovery/horizyn/runs/generalization_20260919_2251/cross_paper_retraining/v4_relative_biology_seed_replication_20260921_v1/weight0p1_seed44/followup/enzymemap/enzymemap/f3_biology/test_summary.json
f3_biology_seeds,relative_0p1,44,EnzymeMap,table2,ef0.05,13.764180997025546,/datastor2/deep-proteins/EnzymeDiscovery/horizyn/runs/generalization_20260919_2251/cross_paper_retraining/v4_relative_biology_seed_replication_20260921_v1/weight0p1_seed44/followup/enzymemap/enzymemap/f3_biology/test_summary.json
f3_biology_seeds,relative_0p1,44,EnzymeMap,table2,ef0.1,8.15635836480836,/datastor2/deep-proteins/EnzymeDiscovery/horizyn/runs/generalization_20260919_2251/cross_paper_retraining/v4_relative_biology_seed_replication_20260921_v1/weight0p1_seed44/followup/enzymemap/enzymemap/f3_biology/test_summary.json
f3_biology_seeds,relative_1,44,EnzymeMap,table1,bedroc85,0.46964822564651426,/datastor2/deep-proteins/EnzymeDiscovery/horizyn/runs/generalization_20260919_2251/cross_paper_retraining/v4_relative_biology_seed_replication_20260921_v1/weight1_seed44/followup/enzymemap/enzymemap/f3_biology/test_summary.json
f3_biology_seeds,relative_1,44,EnzymeMap,table1,bedroc20,0.6486779127787734,/datastor2/deep-proteins/EnzymeDiscovery/horizyn/runs/generalization_20260919_2251/cross_paper_retraining/v4_relative_biology_seed_replication_20260921_v1/weight1_seed44/followup/enzymemap/enzymemap/f3_biology/test_summary.json
f3_biology_seeds,relative_1,44,EnzymeMap,table1,ef0.05,14.307871135873604,/datastor2/deep-proteins/EnzymeDiscovery/horizyn/runs/generalization_20260919_2251/cross_paper_retraining/v4_relative_biology_seed_replication_20260921_v1/weight1_seed44/followup/enzymemap/enzymemap/f3_biology/test_summary.json
f3_biology_seeds,relative_1,44,EnzymeMap,table1,ef0.1,8.191948844040072,/datastor2/deep-proteins/EnzymeDiscovery/horizyn/runs/generalization_20260919_2251/cross_paper_retraining/v4_relative_biology_seed_replication_20260921_v1/weight1_seed44/followup/enzymemap/enzymemap/f3_biology/test_summary.json
f3_biology_seeds,relative_1,44,EnzymeMap,table2,bedroc85,0.4089570003753079,/datastor2/deep-proteins/EnzymeDiscovery/horizyn/runs/generalization_20260919_2251/cross_paper_retraining/v4_relative_biology_seed_replication_20260921_v1/weight1_seed44/followup/enzymemap/enzymemap/f3_biology/test_summary.json
f3_biology_seeds,relative_1,44,EnzymeMap,table2,bedroc20,0.602945949601136,/datastor2/deep-proteins/EnzymeDiscovery/horizyn/runs/generalization_20260919_2251/cross_paper_retraining/v4_relative_biology_seed_replication_20260921_v1/weight1_seed44/followup/enzymemap/enzymemap/f3_biology/test_summary.json
f3_biology_seeds,relative_1,44,EnzymeMap,table2,ef0.05,13.466969558933389,/datastor2/deep-proteins/EnzymeDiscovery/horizyn/runs/generalization_20260919_2251/cross_paper_retraining/v4_relative_biology_seed_replication_20260921_v1/weight1_seed44/followup/enzymemap/enzymemap/f3_biology/test_summary.json
f3_biology_seeds,relative_1,44,EnzymeMap,table2,ef0.1,7.929286195469096,/datastor2/deep-proteins/EnzymeDiscovery/horizyn/runs/generalization_20260919_2251/cross_paper_retraining/v4_relative_biology_seed_replication_20260921_v1/weight1_seed44/followup/enzymemap/enzymemap/f3_biology/test_summary.json
