figure,setting,metric,variant,reference,seed,target,control,delta
01_reactzyme_inference,reaction_smi,reaction_to_enzyme,a040_c1,a025_c1,42,0.40145042538642883,0.3999953269958496,0.0014550983905792236
01_reactzyme_inference,reaction_smi,reaction_to_enzyme,a050_c1,a040_c1,42,0.39465272426605225,0.40145042538642883,-0.006797701120376587
01_reactzyme_inference,reaction_smi,reaction_to_enzyme,a040_c05,a040_c1,42,0.40038102865219116,0.40145042538642883,-0.001069396734237671
01_reactzyme_inference,reaction_smi,enzyme_to_reaction,a040_c1,a025_c1,42,0.5377489924430847,0.5238035917282104,0.013945400714874268
01_reactzyme_inference,reaction_smi,enzyme_to_reaction,a050_c1,a040_c1,42,0.5375499725341797,0.5377489924430847,-0.0001990199089050293
01_reactzyme_inference,reaction_smi,enzyme_to_reaction,a040_c05,a040_c1,42,0.5343656539916992,0.5377489924430847,-0.003383338451385498
01_reactzyme_inference,enzyme_smi,reaction_to_enzyme,a040_c1,a025_c1,42,0.6666556000709534,0.6676765084266663,-0.0010209083557128906
01_reactzyme_inference,enzyme_smi,reaction_to_enzyme,a050_c1,a040_c1,42,0.6627935171127319,0.6666556000709534,-0.0038620829582214355
01_reactzyme_inference,enzyme_smi,reaction_to_enzyme,a040_c05,a040_c1,42,0.6662486791610718,0.6666556000709534,-0.0004069209098815918
01_reactzyme_inference,enzyme_smi,enzyme_to_reaction,a040_c1,a025_c1,42,0.9634823203086853,0.9624934792518616,0.0009888410568237305
01_reactzyme_inference,enzyme_smi,enzyme_to_reaction,a050_c1,a040_c1,42,0.9611777663230896,0.9634823203086853,-0.002304553985595703
01_reactzyme_inference,enzyme_smi,enzyme_to_reaction,a040_c05,a040_c1,42,0.9713554382324219,0.9634823203086853,0.007873117923736572
01_reactzyme_inference,time,reaction_to_enzyme,a040_c1,a025_c1,42,0.5383387207984924,0.5408843755722046,-0.002545654773712158
01_reactzyme_inference,time,reaction_to_enzyme,a050_c1,a040_c1,42,0.5313671827316284,0.5383387207984924,-0.006971538066864014
01_reactzyme_inference,time,reaction_to_enzyme,a040_c05,a040_c1,42,0.5382847785949707,0.5383387207984924,-5.3942203521728516e-05
01_reactzyme_inference,time,enzyme_to_reaction,a040_c1,a025_c1,42,0.7827698588371277,0.781538188457489,0.0012316703796386719
01_reactzyme_inference,time,enzyme_to_reaction,a050_c1,a040_c1,42,0.7747127413749695,0.7827698588371277,-0.008057117462158203
01_reactzyme_inference,time,enzyme_to_reaction,a040_c05,a040_c1,42,0.7806691527366638,0.7827698588371277,-0.002100706100463867
02_enzymemap_inference,table1,bedroc85,a040_c1,a025_c1,42,0.5779451488153472,0.5778174387658916,0.00012771004945555386
02_enzymemap_inference,table2,bedroc85,a040_c1,a025_c1,42,0.5341292219768169,0.5368193119267258,-0.002690089949908936
02_enzymemap_inference,table1,bedroc85,a050_c1,a040_c1,42,0.5745702465915284,0.5779451488153472,-0.0033749022238187543
02_enzymemap_inference,table2,bedroc85,a050_c1,a040_c1,42,0.5293264592495946,0.5341292219768169,-0.004802762727222243
02_enzymemap_inference,table1,bedroc85,a040_c05,a040_c1,42,0.5723365103066209,0.5779451488153472,-0.0056086385087262824
02_enzymemap_inference,table2,bedroc85,a040_c05,a040_c1,42,0.5287342957098796,0.5341292219768169,-0.005394926266937272
02_enzymemap_inference,table1,bedroc20,a040_c1,a025_c1,42,0.7571110046045342,0.7555716945689218,0.0015393100356123623
02_enzymemap_inference,table2,bedroc20,a040_c1,a025_c1,42,0.7278331300375593,0.7271651080106076,0.000668022026951709
02_enzymemap_inference,table1,bedroc20,a050_c1,a040_c1,42,0.757459953009938,0.7571110046045342,0.0003489484054037817
02_enzymemap_inference,table2,bedroc20,a050_c1,a040_c1,42,0.7278850327685972,0.7278331300375593,5.190273103783394e-05
02_enzymemap_inference,table1,bedroc20,a040_c05,a040_c1,42,0.7554333716338482,0.7571110046045342,-0.001677632970686016
02_enzymemap_inference,table2,bedroc20,a040_c05,a040_c1,42,0.726403267784587,0.7278331300375593,-0.0014298622529723692
02_enzymemap_inference,table1,ef0.05,a040_c1,a025_c1,42,16.864295449909967,16.81199067965648,0.0523047702534889
02_enzymemap_inference,table2,ef0.05,a040_c1,a025_c1,42,16.40853765293385,16.355816257461054,0.052721395472794086
02_enzymemap_inference,table1,ef0.05,a050_c1,a040_c1,42,16.93519823574488,16.864295449909967,0.07090278583491383
02_enzymemap_inference,table2,ef0.05,a050_c1,a040_c1,42,16.488138603261625,16.40853765293385,0.07960095032777659
02_enzymemap_inference,table1,ef0.05,a040_c05,a040_c1,42,16.859042255655567,16.864295449909967,-0.005253194254400739
02_enzymemap_inference,table2,ef0.05,a040_c05,a040_c1,42,16.4186330727305,16.40853765293385,0.010095419796652294
02_enzymemap_inference,table1,ef0.1,a040_c1,a025_c1,42,8.953017466166658,8.909143681719721,0.043873784446937236
02_enzymemap_inference,table2,ef0.1,a040_c1,a025_c1,42,8.779121801238784,8.73679092834681,0.04233087289197357
02_enzymemap_inference,table1,ef0.1,a050_c1,a040_c1,42,9.00107482191632,8.953017466166658,0.048057355749662634
02_enzymemap_inference,table2,ef0.1,a050_c1,a040_c1,42,8.826313452768506,8.779121801238784,0.04719165152972238
02_enzymemap_inference,table1,ef0.1,a040_c05,a040_c1,42,8.958692356222887,8.953017466166658,0.005674890056228676
02_enzymemap_inference,table2,ef0.1,a040_c05,a040_c1,42,8.793102960892874,8.779121801238784,0.013981159654090192
03_temperature_paired_seeds,table1,bedroc85,beta5,beta10,17,0.5166109150336667,0.47159645405111494,0.045014460982551796
03_temperature_paired_seeds,table1,bedroc85,beta5,beta10,42,0.5614721584917893,0.5343766685928554,0.027095489898933955
03_temperature_paired_seeds,table1,bedroc85,beta5,beta10,73,0.4868846986269955,0.4761456966475104,0.01073900197948513
03_temperature_paired_seeds,table2,bedroc85,beta5,beta10,17,0.4679173226527267,0.41216302843403496,0.05575429421869171
03_temperature_paired_seeds,table2,bedroc85,beta5,beta10,42,0.522387034820466,0.48797418811463733,0.03441284670582867
03_temperature_paired_seeds,table2,bedroc85,beta5,beta10,73,0.44075011954183074,0.4195386899380812,0.021211429603749554
03_temperature_paired_seeds,table1,bedroc20,beta5,beta10,17,0.7046900350327484,0.6434976777889964,0.06119235724375205
03_temperature_paired_seeds,table1,bedroc20,beta5,beta10,42,0.735602436825521,0.6962789233047401,0.039323513520780895
03_temperature_paired_seeds,table1,bedroc20,beta5,beta10,73,0.6618993055218148,0.6532537997512491,0.008645505770565665
03_temperature_paired_seeds,table2,bedroc20,beta5,beta10,17,0.6694739036126103,0.5977574453908857,0.07171645822172457
03_temperature_paired_seeds,table2,bedroc20,beta5,beta10,42,0.7060606829651518,0.6611558970822713,0.044904785882880494
03_temperature_paired_seeds,table2,bedroc20,beta5,beta10,73,0.6244571609248104,0.6114401878509073,0.013016973073903149
03_temperature_paired_seeds,table1,ef0.05,beta5,beta10,17,15.851767085475686,14.21820302196107,1.6335640635146156
03_temperature_paired_seeds,table1,ef0.05,beta5,beta10,42,16.330731700439113,15.232426706685624,1.098304993753489
03_temperature_paired_seeds,table1,ef0.05,beta5,beta10,73,14.773096448947262,14.606958226486652,0.16613822246061005
03_temperature_paired_seeds,table2,ef0.05,beta5,beta10,17,15.212467579135858,13.383919115844897,1.8285484632909608
03_temperature_paired_seeds,table2,ef0.05,beta5,beta10,42,15.802751194916471,14.589810090554197,1.2129411043622742
03_temperature_paired_seeds,table2,ef0.05,beta5,beta10,73,14.054898472003247,13.887466980251377,0.16743149175187
03_temperature_paired_seeds,table1,ef0.1,beta5,beta10,17,8.680138596604495,7.9681855686087095,0.7119530279957855
03_temperature_paired_seeds,table1,ef0.1,beta5,beta10,42,8.792757190073178,8.427360623507584,0.36539656656559494
03_temperature_paired_seeds,table1,ef0.1,beta5,beta10,73,8.075775534940295,8.110334985595395,-0.034559450655100576
03_temperature_paired_seeds,table2,ef0.1,beta5,beta10,17,8.50437911216431,7.6779018553219265,0.8264772568423835
03_temperature_paired_seeds,table2,ef0.1,beta5,beta10,42,8.600391920287187,8.187309693772669,0.4130822265145184
03_temperature_paired_seeds,table2,ef0.1,beta5,beta10,73,7.7869500908161395,7.857484526644033,-0.0705344358278932
04_reactzyme_phase2_biology,reaction_smi,reaction_to_enzyme,all_1,control,42,0.40041205286979675,0.40038102865219116,3.102421760559082e-05
04_reactzyme_phase2_biology,reaction_smi,reaction_to_enzyme,shuffled_1,control,42,0.4005279242992401,0.40038102865219116,0.0001468956470489502
04_reactzyme_phase2_biology,reaction_smi,reaction_to_enzyme,without_ec,control,42,0.3991265892982483,0.40038102865219116,-0.001254439353942871
04_reactzyme_phase2_biology,reaction_smi,reaction_to_enzyme,without_cofactor,control,42,0.40041109919548035,0.40038102865219116,3.007054328918457e-05
04_reactzyme_phase2_biology,reaction_smi,reaction_to_enzyme,without_mechanism,control,42,0.40038731694221497,0.40038102865219116,6.288290023803711e-06
04_reactzyme_phase2_biology,reaction_smi,enzyme_to_reaction,all_1,control,42,0.5347773432731628,0.5343656539916992,0.00041168928146362305
04_reactzyme_phase2_biology,reaction_smi,enzyme_to_reaction,shuffled_1,control,42,0.5356024503707886,0.5343656539916992,0.0012367963790893555
04_reactzyme_phase2_biology,reaction_smi,enzyme_to_reaction,without_ec,control,42,0.5350755453109741,0.5343656539916992,0.0007098913192749023
04_reactzyme_phase2_biology,reaction_smi,enzyme_to_reaction,without_cofactor,control,42,0.5347698926925659,0.5343656539916992,0.0004042387008666992
04_reactzyme_phase2_biology,reaction_smi,enzyme_to_reaction,without_mechanism,control,42,0.5341014266014099,0.5343656539916992,-0.00026422739028930664
04_reactzyme_phase2_biology,enzyme_smi,reaction_to_enzyme,all_1,control,42,0.6662338376045227,0.6662486791610718,-1.4841556549072266e-05
04_reactzyme_phase2_biology,enzyme_smi,reaction_to_enzyme,shuffled_1,control,42,0.6659849882125854,0.6662486791610718,-0.0002636909484863281
04_reactzyme_phase2_biology,enzyme_smi,reaction_to_enzyme,without_ec,control,42,0.6662402749061584,0.6662486791610718,-8.404254913330078e-06
04_reactzyme_phase2_biology,enzyme_smi,reaction_to_enzyme,without_cofactor,control,42,0.6662338376045227,0.6662486791610718,-1.4841556549072266e-05
04_reactzyme_phase2_biology,enzyme_smi,reaction_to_enzyme,without_mechanism,control,42,0.6662940382957458,0.6662486791610718,4.5359134674072266e-05
04_reactzyme_phase2_biology,enzyme_smi,enzyme_to_reaction,all_1,control,42,0.9673728346824646,0.9713554382324219,-0.003982603549957275
04_reactzyme_phase2_biology,enzyme_smi,enzyme_to_reaction,shuffled_1,control,42,0.9708902835845947,0.9713554382324219,-0.00046515464782714844
04_reactzyme_phase2_biology,enzyme_smi,enzyme_to_reaction,without_ec,control,42,0.9698058366775513,0.9713554382324219,-0.0015496015548706055
04_reactzyme_phase2_biology,enzyme_smi,enzyme_to_reaction,without_cofactor,control,42,0.9718037843704224,0.9713554382324219,0.0004483461380004883
04_reactzyme_phase2_biology,enzyme_smi,enzyme_to_reaction,without_mechanism,control,42,0.9674297571182251,0.9713554382324219,-0.003925681114196777
04_reactzyme_phase2_biology,time,reaction_to_enzyme,all_1,control,42,0.5383167862892151,0.5382847785949707,3.2007694244384766e-05
04_reactzyme_phase2_biology,time,reaction_to_enzyme,shuffled_1,control,42,0.53887540102005,0.5382847785949707,0.0005906224250793457
04_reactzyme_phase2_biology,time,reaction_to_enzyme,without_ec,control,42,0.5383241772651672,0.5382847785949707,3.93986701965332e-05
04_reactzyme_phase2_biology,time,reaction_to_enzyme,without_cofactor,control,42,0.5383180975914001,0.5382847785949707,3.331899642944336e-05
04_reactzyme_phase2_biology,time,reaction_to_enzyme,without_mechanism,control,42,0.53827965259552,0.5382847785949707,-5.125999450683594e-06
04_reactzyme_phase2_biology,time,enzyme_to_reaction,all_1,control,42,0.8006143569946289,0.7806691527366638,0.019945204257965088
04_reactzyme_phase2_biology,time,enzyme_to_reaction,shuffled_1,control,42,0.7902654409408569,0.7806691527366638,0.009596288204193115
04_reactzyme_phase2_biology,time,enzyme_to_reaction,without_ec,control,42,0.7897936701774597,0.7806691527366638,0.009124517440795898
04_reactzyme_phase2_biology,time,enzyme_to_reaction,without_cofactor,control,42,0.8158608675003052,0.7806691527366638,0.03519171476364136
04_reactzyme_phase2_biology,time,enzyme_to_reaction,without_mechanism,control,42,0.8040378093719482,0.7806691527366638,0.023368656635284424
05_enzymemap_phase2_biology,table1,bedroc85,all_1,control,42,0.5720960816975147,0.5723365103066209,-0.00024042860910622466
05_enzymemap_phase2_biology,table1,bedroc85,shuffled_1,control,42,0.5720925827686537,0.5723365103066209,-0.00024392753796720346
05_enzymemap_phase2_biology,table1,bedroc85,without_ec,control,42,0.5721235596961283,0.5723365103066209,-0.00021295061049264596
05_enzymemap_phase2_biology,table1,bedroc85,without_cofactor,control,42,0.5720830414839426,0.5723365103066209,-0.0002534688226782933
05_enzymemap_phase2_biology,table1,bedroc85,without_mechanism,control,42,0.5722419794689811,0.5723365103066209,-9.453083763977244e-05
05_enzymemap_phase2_biology,table2,bedroc85,all_1,control,42,0.5284639837162569,0.5287342957098796,-0.0002703119936227072
05_enzymemap_phase2_biology,table2,bedroc85,shuffled_1,control,42,0.5284596686926979,0.5287342957098796,-0.00027462701718172777
05_enzymemap_phase2_biology,table2,bedroc85,without_ec,control,42,0.5284956214223381,0.5287342957098796,-0.0002386742875415404
05_enzymemap_phase2_biology,table2,bedroc85,without_cofactor,control,42,0.5284507011756703,0.5287342957098796,-0.00028359453420934155
05_enzymemap_phase2_biology,table2,bedroc85,without_mechanism,control,42,0.5286313833404279,0.5287342957098796,-0.00010291236945170201
05_enzymemap_phase2_biology,table1,bedroc20,all_1,control,42,0.7553216671014586,0.7554333716338482,-0.00011170453238951161
05_enzymemap_phase2_biology,table1,bedroc20,shuffled_1,control,42,0.7551834454370192,0.7554333716338482,-0.00024992619682895345
05_enzymemap_phase2_biology,table1,bedroc20,without_ec,control,42,0.7553508321831331,0.7554333716338482,-8.253945071501345e-05
05_enzymemap_phase2_biology,table1,bedroc20,without_cofactor,control,42,0.7553071054572004,0.7554333716338482,-0.0001262661766477935
05_enzymemap_phase2_biology,table1,bedroc20,without_mechanism,control,42,0.7553639403223495,0.7554333716338482,-6.943131149861337e-05
05_enzymemap_phase2_biology,table2,bedroc20,all_1,control,42,0.7262746277268696,0.726403267784587,-0.00012864005771739961
05_enzymemap_phase2_biology,table2,bedroc20,shuffled_1,control,42,0.7260848713016922,0.726403267784587,-0.0003183964828947783
05_enzymemap_phase2_biology,table2,bedroc20,without_ec,control,42,0.7263084630254184,0.726403267784587,-9.480475916856523e-05
05_enzymemap_phase2_biology,table2,bedroc20,without_cofactor,control,42,0.7262609062442228,0.726403267784587,-0.00014236154036417759
05_enzymemap_phase2_biology,table2,bedroc20,without_mechanism,control,42,0.7263243919107439,0.726403267784587,-7.887587384303174e-05
05_enzymemap_phase2_biology,table1,ef0.05,all_1,control,42,16.860920719072492,16.859042255655567,0.0018784634169257686
05_enzymemap_phase2_biology,table1,ef0.05,shuffled_1,control,42,16.874069962990966,16.859042255655567,0.015027707335399043
05_enzymemap_phase2_biology,table1,ef0.05,without_ec,control,42,16.860920719072492,16.859042255655567,0.0018784634169257686
05_enzymemap_phase2_biology,table1,ef0.05,without_cofactor,control,42,16.860920719072492,16.859042255655567,0.0018784634169257686
05_enzymemap_phase2_biology,table1,ef0.05,without_mechanism,control,42,16.859042255655567,16.859042255655567,0.0
05_enzymemap_phase2_biology,table2,ef0.05,all_1,control,42,16.435718440909184,16.4186330727305,0.01708536817868378
05_enzymemap_phase2_biology,table2,ef0.05,shuffled_1,control,42,16.430386465186956,16.4186330727305,0.011753392456455458
05_enzymemap_phase2_biology,table2,ef0.05,without_ec,control,42,16.420759577782782,16.4186330727305,0.002126505052281402
05_enzymemap_phase2_biology,table2,ef0.05,without_cofactor,control,42,16.435718440909184,16.4186330727305,0.01708536817868378
05_enzymemap_phase2_biology,table2,ef0.05,without_mechanism,control,42,16.419255094422365,16.4186330727305,0.0006220216918642052
05_enzymemap_phase2_biology,table1,ef0.1,all_1,control,42,8.956500815569807,8.958692356222887,-0.002191540653079471
05_enzymemap_phase2_biology,table1,ef0.1,shuffled_1,control,42,8.958232562399594,8.958692356222887,-0.0004597938232926424
05_enzymemap_phase2_biology,table1,ef0.1,without_ec,control,42,8.956500815569807,8.958692356222887,-0.002191540653079471
05_enzymemap_phase2_biology,table1,ef0.1,without_cofactor,control,42,8.956500815569807,8.958692356222887,-0.002191540653079471
05_enzymemap_phase2_biology,table1,ef0.1,without_mechanism,control,42,8.956500815569807,8.958692356222887,-0.002191540653079471
05_enzymemap_phase2_biology,table2,ef0.1,all_1,control,42,8.803075536310475,8.793102960892874,0.009972575417600993
05_enzymemap_phase2_biology,table2,ef0.1,shuffled_1,control,42,8.78518356276713,8.793102960892874,-0.007919398125743271
05_enzymemap_phase2_biology,table2,ef0.1,without_ec,control,42,8.795596104747274,8.793102960892874,0.002493143854399804
05_enzymemap_phase2_biology,table2,ef0.1,without_cofactor,control,42,8.795596104747274,8.793102960892874,0.002493143854399804
05_enzymemap_phase2_biology,table2,ef0.1,without_mechanism,control,42,8.794349532820075,8.793102960892874,0.0012465719272007902
07_f3_biology_paired_seeds,table1,bedroc85,relative_0p1,control,42,0.587057281628223,0.5723365103066209,0.0147207713216021
07_f3_biology_paired_seeds,table1,bedroc85,relative_0p1,control,43,0.4947156018017597,0.4989488251058848,-0.004233223304125067
07_f3_biology_paired_seeds,table1,bedroc85,relative_0p1,control,44,0.46815637039686425,0.471203468351449,-0.003047097954584743
07_f3_biology_paired_seeds,table1,bedroc85,relative_1,control,42,0.591893938806024,0.5723365103066209,0.019557428499403118
07_f3_biology_paired_seeds,table1,bedroc85,relative_1,control,43,0.5117138910558047,0.4989488251058848,0.012765065949919885
07_f3_biology_paired_seeds,table1,bedroc85,relative_1,control,44,0.46964822564651426,0.471203468351449,-0.001555242704934734
07_f3_biology_paired_seeds,table2,bedroc85,relative_0p1,control,42,0.5448729466110076,0.5287342957098796,0.016138650901127982
07_f3_biology_paired_seeds,table2,bedroc85,relative_0p1,control,43,0.4422848870331373,0.4464901414967506,-0.004205254463613306
07_f3_biology_paired_seeds,table2,bedroc85,relative_0p1,control,44,0.4076171505957282,0.4115966337368299,-0.003979483141101747
07_f3_biology_paired_seeds,table2,bedroc85,relative_1,control,42,0.5503438353640806,0.5287342957098796,0.021609539654200982
07_f3_biology_paired_seeds,table2,bedroc85,relative_1,control,43,0.4605475579525611,0.4464901414967506,0.01405741645581049
07_f3_biology_paired_seeds,table2,bedroc85,relative_1,control,44,0.4089570003753079,0.4115966337368299,-0.002639633361522009
07_f3_biology_paired_seeds,table1,bedroc20,relative_0p1,control,42,0.7655899883868845,0.7554333716338482,0.010156616753036363
07_f3_biology_paired_seeds,table1,bedroc20,relative_0p1,control,43,0.6967833681300546,0.6996786674472121,-0.002895299317157485
07_f3_biology_paired_seeds,table1,bedroc20,relative_0p1,control,44,0.6541931125700445,0.6541349216678078,5.819090223668777e-05
07_f3_biology_paired_seeds,table1,bedroc20,relative_1,control,42,0.762515634564553,0.7554333716338482,0.007082262930704797
07_f3_biology_paired_seeds,table1,bedroc20,relative_1,control,43,0.7062416500702577,0.6996786674472121,0.006562982623045666
07_f3_biology_paired_seeds,table1,bedroc20,relative_1,control,44,0.6486779127787734,0.6541349216678078,-0.005457008889034443
07_f3_biology_paired_seeds,table2,bedroc20,relative_0p1,control,42,0.7373346857442235,0.726403267784587,0.01093141795963648
07_f3_biology_paired_seeds,table2,bedroc20,relative_0p1,control,43,0.658592185849915,0.6615595120262426,-0.002967326176327667
07_f3_biology_paired_seeds,table2,bedroc20,relative_0p1,control,44,0.6096076399458955,0.6097089121576309,-0.00010127221173539258
07_f3_biology_paired_seeds,table2,bedroc20,relative_1,control,42,0.7334745379234393,0.726403267784587,0.007071270138852337
07_f3_biology_paired_seeds,table2,bedroc20,relative_1,control,43,0.6688474873744039,0.6615595120262426,0.00728797534816128
07_f3_biology_paired_seeds,table2,bedroc20,relative_1,control,44,0.602945949601136,0.6097089121576309,-0.006762962556494889
07_f3_biology_paired_seeds,table1,ef0.05,relative_0p1,control,42,16.983633164901775,16.859042255655567,0.12459090924620853
07_f3_biology_paired_seeds,table1,ef0.05,relative_0p1,control,43,15.793487649645128,15.877905292057973,-0.08441764241284488
07_f3_biology_paired_seeds,table1,ef0.05,relative_0p1,control,44,14.576141573214851,14.610618395295882,-0.034476822081030534
07_f3_biology_paired_seeds,table1,ef0.05,relative_1,control,42,16.678958732710186,16.859042255655567,-0.180083522945381
07_f3_biology_paired_seeds,table1,ef0.05,relative_1,control,43,15.906405416124699,15.877905292057973,0.028500124066725974
07_f3_biology_paired_seeds,table1,ef0.05,relative_1,control,44,14.307871135873604,14.610618395295882,-0.30274725942227754
07_f3_biology_paired_seeds,table2,ef0.05,relative_0p1,control,42,16.558642982344526,16.4186330727305,0.14000990961402593
07_f3_biology_paired_seeds,table2,ef0.05,relative_0p1,control,43,15.164697578482343,15.325991732825027,-0.16129415434268424
07_f3_biology_paired_seeds,table2,ef0.05,relative_0p1,control,44,13.764180997025546,13.82481583396299,-0.06063483693744409
07_f3_biology_paired_seeds,table2,ef0.05,relative_1,control,42,16.186410733095645,16.4186330727305,-0.2322223396348555
07_f3_biology_paired_seeds,table2,ef0.05,relative_1,control,43,15.249022584301809,15.325991732825027,-0.07696914852321868
07_f3_biology_paired_seeds,table2,ef0.05,relative_1,control,44,13.466969558933389,13.82481583396299,-0.3578462750296012
07_f3_biology_paired_seeds,table1,ef0.1,relative_0p1,control,42,9.05758192376331,8.958692356222887,0.09888956754042333
07_f3_biology_paired_seeds,table1,ef0.1,relative_0p1,control,43,8.606956040125278,8.610979619752175,-0.0040235796268977
07_f3_biology_paired_seeds,table1,ef0.1,relative_0p1,control,44,8.408587082098508,8.235427460272948,0.17315962182556
07_f3_biology_paired_seeds,table1,ef0.1,relative_1,control,42,8.962759756911607,8.958692356222887,0.004067400688720468
07_f3_biology_paired_seeds,table1,ef0.1,relative_1,control,43,8.702464851545988,8.610979619752175,0.09148523179381307
07_f3_biology_paired_seeds,table1,ef0.1,relative_1,control,44,8.191948844040072,8.235427460272948,-0.04347861623287663
07_f3_biology_paired_seeds,table2,ef0.1,relative_0p1,control,42,8.912203543895528,8.793102960892874,0.11910058300265369
07_f3_biology_paired_seeds,table2,ef0.1,relative_0p1,control,43,8.36387928571553,8.361067551059717,0.0028117346558129697
07_f3_biology_paired_seeds,table2,ef0.1,relative_0p1,control,44,8.15635836480836,7.972772825519527,0.18358553928883303
07_f3_biology_paired_seeds,table2,ef0.1,relative_1,control,42,8.807354566676771,8.793102960892874,0.014251605783897503
07_f3_biology_paired_seeds,table2,ef0.1,relative_1,control,43,8.493495212682857,8.361067551059717,0.13242766162314012
07_f3_biology_paired_seeds,table2,ef0.1,relative_1,control,44,7.929286195469096,7.972772825519527,-0.043486630050431074
